sample1,label
312_1.bmp,0
312_2.bmp,0
312_3.bmp,0
312_4.bmp,0
312_5.bmp,0
312_6.bmp,0
312_7.bmp,0
312_8.bmp,0
312_9.bmp,0
312_10.bmp,0
312_11.bmp,0
312_12.bmp,0
312_13.bmp,0
312_14.bmp,0
312_15.bmp,0
312_16.bmp,0
312_17.bmp,0
312_18.bmp,0
312_19.bmp,0
312_20.bmp,0
312_21.bmp,0
312_22.bmp,0
312_23.bmp,0
312_24.bmp,0
312_25.bmp,0
312_26.bmp,0
312_27.bmp,0
312_28.bmp,0
312_29.bmp,0
312_30.bmp,0
105_1.bmp,1
105_2.bmp,1
105_3.bmp,1
105_4.bmp,1
105_5.bmp,1
105_6.bmp,1
105_7.bmp,1
105_8.bmp,1
105_9.bmp,1
105_10.bmp,1
105_11.bmp,1
105_12.bmp,1
105_13.bmp,1
105_14.bmp,1
105_15.bmp,1
105_16.bmp,1
105_17.bmp,1
105_18.bmp,1
105_19.bmp,1
105_20.bmp,1
105_21.bmp,1
105_22.bmp,1
105_23.bmp,1
105_24.bmp,1
105_25.bmp,1
105_26.bmp,1
105_27.bmp,1
105_28.bmp,1
105_29.bmp,1
105_30.bmp,1
305_1.bmp,2
305_2.bmp,2
305_3.bmp,2
305_4.bmp,2
305_5.bmp,2
305_6.bmp,2
305_7.bmp,2
305_8.bmp,2
305_9.bmp,2
305_10.bmp,2
305_11.bmp,2
305_12.bmp,2
305_13.bmp,2
305_14.bmp,2
305_15.bmp,2
305_16.bmp,2
305_17.bmp,2
305_18.bmp,2
305_19.bmp,2
305_20.bmp,2
305_21.bmp,2
305_22.bmp,2
305_23.bmp,2
305_24.bmp,2
305_25.bmp,2
305_26.bmp,2
305_27.bmp,2
305_28.bmp,2
305_29.bmp,2
305_30.bmp,2
53_1.bmp,3
53_2.bmp,3
53_3.bmp,3
53_4.bmp,3
53_5.bmp,3
53_6.bmp,3
53_7.bmp,3
53_8.bmp,3
53_9.bmp,3
53_10.bmp,3
53_11.bmp,3
53_12.bmp,3
53_13.bmp,3
53_14.bmp,3
53_15.bmp,3
53_16.bmp,3
53_17.bmp,3
53_18.bmp,3
53_19.bmp,3
53_20.bmp,3
53_21.bmp,3
53_22.bmp,3
53_23.bmp,3
53_24.bmp,3
53_25.bmp,3
53_26.bmp,3
53_27.bmp,3
53_28.bmp,3
53_29.bmp,3
53_30.bmp,3
146_1.bmp,4
146_2.bmp,4
146_3.bmp,4
146_4.bmp,4
146_5.bmp,4
146_6.bmp,4
146_7.bmp,4
146_8.bmp,4
146_9.bmp,4
146_10.bmp,4
146_11.bmp,4
146_12.bmp,4
146_13.bmp,4
146_14.bmp,4
146_15.bmp,4
146_16.bmp,4
146_17.bmp,4
146_18.bmp,4
146_19.bmp,4
146_20.bmp,4
146_21.bmp,4
146_22.bmp,4
146_23.bmp,4
146_24.bmp,4
146_25.bmp,4
146_26.bmp,4
146_27.bmp,4
146_28.bmp,4
146_29.bmp,4
146_30.bmp,4
183_1.bmp,5
183_2.bmp,5
183_3.bmp,5
183_4.bmp,5
183_5.bmp,5
183_6.bmp,5
183_7.bmp,5
183_8.bmp,5
183_9.bmp,5
183_10.bmp,5
183_11.bmp,5
183_12.bmp,5
183_13.bmp,5
183_14.bmp,5
183_15.bmp,5
183_16.bmp,5
183_17.bmp,5
183_18.bmp,5
183_19.bmp,5
183_20.bmp,5
183_21.bmp,5
183_22.bmp,5
183_23.bmp,5
183_24.bmp,5
183_25.bmp,5
183_26.bmp,5
183_27.bmp,5
183_28.bmp,5
183_29.bmp,5
183_30.bmp,5
54_1.bmp,6
54_2.bmp,6
54_3.bmp,6
54_4.bmp,6
54_5.bmp,6
54_6.bmp,6
54_7.bmp,6
54_8.bmp,6
54_9.bmp,6
54_10.bmp,6
54_11.bmp,6
54_12.bmp,6
54_13.bmp,6
54_14.bmp,6
54_15.bmp,6
54_16.bmp,6
54_17.bmp,6
54_18.bmp,6
54_19.bmp,6
54_20.bmp,6
54_21.bmp,6
54_22.bmp,6
54_23.bmp,6
54_24.bmp,6
54_25.bmp,6
54_26.bmp,6
54_27.bmp,6
54_28.bmp,6
54_29.bmp,6
54_30.bmp,6
257_1.bmp,7
257_2.bmp,7
257_3.bmp,7
257_4.bmp,7
257_5.bmp,7
257_6.bmp,7
257_7.bmp,7
257_8.bmp,7
257_9.bmp,7
257_10.bmp,7
257_11.bmp,7
257_12.bmp,7
257_13.bmp,7
257_14.bmp,7
257_15.bmp,7
257_16.bmp,7
257_17.bmp,7
257_18.bmp,7
257_19.bmp,7
257_20.bmp,7
257_21.bmp,7
257_22.bmp,7
257_23.bmp,7
257_24.bmp,7
257_25.bmp,7
257_26.bmp,7
257_27.bmp,7
257_28.bmp,7
257_29.bmp,7
257_30.bmp,7
9_1.bmp,8
9_2.bmp,8
9_3.bmp,8
9_4.bmp,8
9_5.bmp,8
9_6.bmp,8
9_7.bmp,8
9_8.bmp,8
9_9.bmp,8
9_10.bmp,8
9_11.bmp,8
9_12.bmp,8
9_13.bmp,8
9_14.bmp,8
9_15.bmp,8
9_16.bmp,8
9_17.bmp,8
9_18.bmp,8
9_19.bmp,8
9_20.bmp,8
9_21.bmp,8
9_22.bmp,8
9_23.bmp,8
9_24.bmp,8
9_25.bmp,8
9_26.bmp,8
9_27.bmp,8
9_28.bmp,8
9_29.bmp,8
9_30.bmp,8
306_1.bmp,9
306_2.bmp,9
306_3.bmp,9
306_4.bmp,9
306_5.bmp,9
306_6.bmp,9
306_7.bmp,9
306_8.bmp,9
306_9.bmp,9
306_10.bmp,9
306_11.bmp,9
306_12.bmp,9
306_13.bmp,9
306_14.bmp,9
306_15.bmp,9
306_16.bmp,9
306_17.bmp,9
306_18.bmp,9
306_19.bmp,9
306_20.bmp,9
306_21.bmp,9
306_22.bmp,9
306_23.bmp,9
306_24.bmp,9
306_25.bmp,9
306_26.bmp,9
306_27.bmp,9
306_28.bmp,9
306_29.bmp,9
306_30.bmp,9
28_1.bmp,10
28_2.bmp,10
28_3.bmp,10
28_4.bmp,10
28_5.bmp,10
28_6.bmp,10
28_7.bmp,10
28_8.bmp,10
28_9.bmp,10
28_10.bmp,10
28_11.bmp,10
28_12.bmp,10
28_13.bmp,10
28_14.bmp,10
28_15.bmp,10
28_16.bmp,10
28_17.bmp,10
28_18.bmp,10
28_19.bmp,10
28_20.bmp,10
28_21.bmp,10
28_22.bmp,10
28_23.bmp,10
28_24.bmp,10
28_25.bmp,10
28_26.bmp,10
28_27.bmp,10
28_28.bmp,10
28_29.bmp,10
28_30.bmp,10
121_1.bmp,11
121_2.bmp,11
121_3.bmp,11
121_4.bmp,11
121_5.bmp,11
121_6.bmp,11
121_7.bmp,11
121_8.bmp,11
121_9.bmp,11
121_10.bmp,11
121_11.bmp,11
121_12.bmp,11
121_13.bmp,11
121_14.bmp,11
121_15.bmp,11
121_16.bmp,11
121_17.bmp,11
121_18.bmp,11
121_19.bmp,11
121_20.bmp,11
121_21.bmp,11
121_22.bmp,11
121_23.bmp,11
121_24.bmp,11
121_25.bmp,11
121_26.bmp,11
121_27.bmp,11
121_28.bmp,11
121_29.bmp,11
121_30.bmp,11
314_1.bmp,12
314_2.bmp,12
314_3.bmp,12
314_4.bmp,12
314_5.bmp,12
314_6.bmp,12
314_7.bmp,12
314_8.bmp,12
314_9.bmp,12
314_10.bmp,12
314_11.bmp,12
314_12.bmp,12
314_13.bmp,12
314_14.bmp,12
314_15.bmp,12
314_16.bmp,12
314_17.bmp,12
314_18.bmp,12
314_19.bmp,12
314_20.bmp,12
314_21.bmp,12
314_22.bmp,12
314_23.bmp,12
314_24.bmp,12
314_25.bmp,12
314_26.bmp,12
314_27.bmp,12
314_28.bmp,12
314_29.bmp,12
314_30.bmp,12
284_1.bmp,13
284_2.bmp,13
284_3.bmp,13
284_4.bmp,13
284_5.bmp,13
284_6.bmp,13
284_7.bmp,13
284_8.bmp,13
284_9.bmp,13
284_10.bmp,13
284_11.bmp,13
284_12.bmp,13
284_13.bmp,13
284_14.bmp,13
284_15.bmp,13
284_16.bmp,13
284_17.bmp,13
284_18.bmp,13
284_19.bmp,13
284_20.bmp,13
284_21.bmp,13
284_22.bmp,13
284_23.bmp,13
284_24.bmp,13
284_25.bmp,13
284_26.bmp,13
284_27.bmp,13
284_28.bmp,13
284_29.bmp,13
284_30.bmp,13
109_1.bmp,14
109_2.bmp,14
109_3.bmp,14
109_4.bmp,14
109_5.bmp,14
109_6.bmp,14
109_7.bmp,14
109_8.bmp,14
109_9.bmp,14
109_10.bmp,14
109_11.bmp,14
109_12.bmp,14
109_13.bmp,14
109_14.bmp,14
109_15.bmp,14
109_16.bmp,14
109_17.bmp,14
109_18.bmp,14
109_19.bmp,14
109_20.bmp,14
109_21.bmp,14
109_22.bmp,14
109_23.bmp,14
109_24.bmp,14
109_25.bmp,14
109_26.bmp,14
109_27.bmp,14
109_28.bmp,14
109_29.bmp,14
109_30.bmp,14
23_1.bmp,15
23_2.bmp,15
23_3.bmp,15
23_4.bmp,15
23_5.bmp,15
23_6.bmp,15
23_7.bmp,15
23_8.bmp,15
23_9.bmp,15
23_10.bmp,15
23_11.bmp,15
23_12.bmp,15
23_13.bmp,15
23_14.bmp,15
23_15.bmp,15
23_16.bmp,15
23_17.bmp,15
23_18.bmp,15
23_19.bmp,15
23_20.bmp,15
23_21.bmp,15
23_22.bmp,15
23_23.bmp,15
23_24.bmp,15
23_25.bmp,15
23_26.bmp,15
23_27.bmp,15
23_28.bmp,15
23_29.bmp,15
23_30.bmp,15
166_1.bmp,16
166_2.bmp,16
166_3.bmp,16
166_4.bmp,16
166_5.bmp,16
166_6.bmp,16
166_7.bmp,16
166_8.bmp,16
166_9.bmp,16
166_10.bmp,16
166_11.bmp,16
166_12.bmp,16
166_13.bmp,16
166_14.bmp,16
166_15.bmp,16
166_16.bmp,16
166_17.bmp,16
166_18.bmp,16
166_19.bmp,16
166_20.bmp,16
166_21.bmp,16
166_22.bmp,16
166_23.bmp,16
166_24.bmp,16
166_25.bmp,16
166_26.bmp,16
166_27.bmp,16
166_28.bmp,16
166_29.bmp,16
166_30.bmp,16
131_1.bmp,17
131_2.bmp,17
131_3.bmp,17
131_4.bmp,17
131_5.bmp,17
131_6.bmp,17
131_7.bmp,17
131_8.bmp,17
131_9.bmp,17
131_10.bmp,17
131_11.bmp,17
131_12.bmp,17
131_13.bmp,17
131_14.bmp,17
131_15.bmp,17
131_16.bmp,17
131_17.bmp,17
131_18.bmp,17
131_19.bmp,17
131_20.bmp,17
131_21.bmp,17
131_22.bmp,17
131_23.bmp,17
131_24.bmp,17
131_25.bmp,17
131_26.bmp,17
131_27.bmp,17
131_28.bmp,17
131_29.bmp,17
131_30.bmp,17
51_1.bmp,18
51_2.bmp,18
51_3.bmp,18
51_4.bmp,18
51_5.bmp,18
51_6.bmp,18
51_7.bmp,18
51_8.bmp,18
51_9.bmp,18
51_10.bmp,18
51_11.bmp,18
51_12.bmp,18
51_13.bmp,18
51_14.bmp,18
51_15.bmp,18
51_16.bmp,18
51_17.bmp,18
51_18.bmp,18
51_19.bmp,18
51_20.bmp,18
51_21.bmp,18
51_22.bmp,18
51_23.bmp,18
51_24.bmp,18
51_25.bmp,18
51_26.bmp,18
51_27.bmp,18
51_28.bmp,18
51_29.bmp,18
51_30.bmp,18
98_1.bmp,19
98_2.bmp,19
98_3.bmp,19
98_4.bmp,19
98_5.bmp,19
98_6.bmp,19
98_7.bmp,19
98_8.bmp,19
98_9.bmp,19
98_10.bmp,19
98_11.bmp,19
98_12.bmp,19
98_13.bmp,19
98_14.bmp,19
98_15.bmp,19
98_16.bmp,19
98_17.bmp,19
98_18.bmp,19
98_19.bmp,19
98_20.bmp,19
98_21.bmp,19
98_22.bmp,19
98_23.bmp,19
98_24.bmp,19
98_25.bmp,19
98_26.bmp,19
98_27.bmp,19
98_28.bmp,19
98_29.bmp,19
98_30.bmp,19
215_1.bmp,20
215_2.bmp,20
215_3.bmp,20
215_4.bmp,20
215_5.bmp,20
215_6.bmp,20
215_7.bmp,20
215_8.bmp,20
215_9.bmp,20
215_10.bmp,20
215_11.bmp,20
215_12.bmp,20
215_13.bmp,20
215_14.bmp,20
215_15.bmp,20
215_16.bmp,20
215_17.bmp,20
215_18.bmp,20
215_19.bmp,20
215_20.bmp,20
215_21.bmp,20
215_22.bmp,20
215_23.bmp,20
215_24.bmp,20
215_25.bmp,20
215_26.bmp,20
215_27.bmp,20
215_28.bmp,20
215_29.bmp,20
215_30.bmp,20
209_1.bmp,21
209_2.bmp,21
209_3.bmp,21
209_4.bmp,21
209_5.bmp,21
209_6.bmp,21
209_7.bmp,21
209_8.bmp,21
209_9.bmp,21
209_10.bmp,21
209_11.bmp,21
209_12.bmp,21
209_13.bmp,21
209_14.bmp,21
209_15.bmp,21
209_16.bmp,21
209_17.bmp,21
209_18.bmp,21
209_19.bmp,21
209_20.bmp,21
209_21.bmp,21
209_22.bmp,21
209_23.bmp,21
209_24.bmp,21
209_25.bmp,21
209_26.bmp,21
209_27.bmp,21
209_28.bmp,21
209_29.bmp,21
209_30.bmp,21
40_1.bmp,22
40_2.bmp,22
40_3.bmp,22
40_4.bmp,22
40_5.bmp,22
40_6.bmp,22
40_7.bmp,22
40_8.bmp,22
40_9.bmp,22
40_10.bmp,22
40_11.bmp,22
40_12.bmp,22
40_13.bmp,22
40_14.bmp,22
40_15.bmp,22
40_16.bmp,22
40_17.bmp,22
40_18.bmp,22
40_19.bmp,22
40_20.bmp,22
40_21.bmp,22
40_22.bmp,22
40_23.bmp,22
40_24.bmp,22
40_25.bmp,22
40_26.bmp,22
40_27.bmp,22
40_28.bmp,22
40_29.bmp,22
40_30.bmp,22
95_1.bmp,23
95_2.bmp,23
95_3.bmp,23
95_4.bmp,23
95_5.bmp,23
95_6.bmp,23
95_7.bmp,23
95_8.bmp,23
95_9.bmp,23
95_10.bmp,23
95_11.bmp,23
95_12.bmp,23
95_13.bmp,23
95_14.bmp,23
95_15.bmp,23
95_16.bmp,23
95_17.bmp,23
95_18.bmp,23
95_19.bmp,23
95_20.bmp,23
95_21.bmp,23
95_22.bmp,23
95_23.bmp,23
95_24.bmp,23
95_25.bmp,23
95_26.bmp,23
95_27.bmp,23
95_28.bmp,23
95_29.bmp,23
95_30.bmp,23
58_1.bmp,24
58_2.bmp,24
58_3.bmp,24
58_4.bmp,24
58_5.bmp,24
58_6.bmp,24
58_7.bmp,24
58_8.bmp,24
58_9.bmp,24
58_10.bmp,24
58_11.bmp,24
58_12.bmp,24
58_13.bmp,24
58_14.bmp,24
58_15.bmp,24
58_16.bmp,24
58_17.bmp,24
58_18.bmp,24
58_19.bmp,24
58_20.bmp,24
58_21.bmp,24
58_22.bmp,24
58_23.bmp,24
58_24.bmp,24
58_25.bmp,24
58_26.bmp,24
58_27.bmp,24
58_28.bmp,24
58_29.bmp,24
58_30.bmp,24
176_1.bmp,25
176_2.bmp,25
176_3.bmp,25
176_4.bmp,25
176_5.bmp,25
176_6.bmp,25
176_7.bmp,25
176_8.bmp,25
176_9.bmp,25
176_10.bmp,25
176_11.bmp,25
176_12.bmp,25
176_13.bmp,25
176_14.bmp,25
176_15.bmp,25
176_16.bmp,25
176_17.bmp,25
176_18.bmp,25
176_19.bmp,25
176_20.bmp,25
176_21.bmp,25
176_22.bmp,25
176_23.bmp,25
176_24.bmp,25
176_25.bmp,25
176_26.bmp,25
176_27.bmp,25
176_28.bmp,25
176_29.bmp,25
176_30.bmp,25
59_1.bmp,26
59_2.bmp,26
59_3.bmp,26
59_4.bmp,26
59_5.bmp,26
59_6.bmp,26
59_7.bmp,26
59_8.bmp,26
59_9.bmp,26
59_10.bmp,26
59_11.bmp,26
59_12.bmp,26
59_13.bmp,26
59_14.bmp,26
59_15.bmp,26
59_16.bmp,26
59_17.bmp,26
59_18.bmp,26
59_19.bmp,26
59_20.bmp,26
59_21.bmp,26
59_22.bmp,26
59_23.bmp,26
59_24.bmp,26
59_25.bmp,26
59_26.bmp,26
59_27.bmp,26
59_28.bmp,26
59_29.bmp,26
59_30.bmp,26
12_1.bmp,27
12_2.bmp,27
12_3.bmp,27
12_4.bmp,27
12_5.bmp,27
12_6.bmp,27
12_7.bmp,27
12_8.bmp,27
12_9.bmp,27
12_10.bmp,27
12_11.bmp,27
12_12.bmp,27
12_13.bmp,27
12_14.bmp,27
12_15.bmp,27
12_16.bmp,27
12_17.bmp,27
12_18.bmp,27
12_19.bmp,27
12_20.bmp,27
12_21.bmp,27
12_22.bmp,27
12_23.bmp,27
12_24.bmp,27
12_25.bmp,27
12_26.bmp,27
12_27.bmp,27
12_28.bmp,27
12_29.bmp,27
12_30.bmp,27
8_1.bmp,28
8_2.bmp,28
8_3.bmp,28
8_4.bmp,28
8_5.bmp,28
8_6.bmp,28
8_7.bmp,28
8_8.bmp,28
8_9.bmp,28
8_10.bmp,28
8_11.bmp,28
8_12.bmp,28
8_13.bmp,28
8_14.bmp,28
8_15.bmp,28
8_16.bmp,28
8_17.bmp,28
8_18.bmp,28
8_19.bmp,28
8_20.bmp,28
8_21.bmp,28
8_22.bmp,28
8_23.bmp,28
8_24.bmp,28
8_25.bmp,28
8_26.bmp,28
8_27.bmp,28
8_28.bmp,28
8_29.bmp,28
8_30.bmp,28
288_1.bmp,29
288_2.bmp,29
288_3.bmp,29
288_4.bmp,29
288_5.bmp,29
288_6.bmp,29
288_7.bmp,29
288_8.bmp,29
288_9.bmp,29
288_10.bmp,29
288_11.bmp,29
288_12.bmp,29
288_13.bmp,29
288_14.bmp,29
288_15.bmp,29
288_16.bmp,29
288_17.bmp,29
288_18.bmp,29
288_19.bmp,29
288_20.bmp,29
288_21.bmp,29
288_22.bmp,29
288_23.bmp,29
288_24.bmp,29
288_25.bmp,29
288_26.bmp,29
288_27.bmp,29
288_28.bmp,29
288_29.bmp,29
288_30.bmp,29
80_1.bmp,30
80_2.bmp,30
80_3.bmp,30
80_4.bmp,30
80_5.bmp,30
80_6.bmp,30
80_7.bmp,30
80_8.bmp,30
80_9.bmp,30
80_10.bmp,30
80_11.bmp,30
80_12.bmp,30
80_13.bmp,30
80_14.bmp,30
80_15.bmp,30
80_16.bmp,30
80_17.bmp,30
80_18.bmp,30
80_19.bmp,30
80_20.bmp,30
80_21.bmp,30
80_22.bmp,30
80_23.bmp,30
80_24.bmp,30
80_25.bmp,30
80_26.bmp,30
80_27.bmp,30
80_28.bmp,30
80_29.bmp,30
80_30.bmp,30
247_1.bmp,31
247_2.bmp,31
247_3.bmp,31
247_4.bmp,31
247_5.bmp,31
247_6.bmp,31
247_7.bmp,31
247_8.bmp,31
247_9.bmp,31
247_10.bmp,31
247_11.bmp,31
247_12.bmp,31
247_13.bmp,31
247_14.bmp,31
247_15.bmp,31
247_16.bmp,31
247_17.bmp,31
247_18.bmp,31
247_19.bmp,31
247_20.bmp,31
247_21.bmp,31
247_22.bmp,31
247_23.bmp,31
247_24.bmp,31
247_25.bmp,31
247_26.bmp,31
247_27.bmp,31
247_28.bmp,31
247_29.bmp,31
247_30.bmp,31
130_1.bmp,32
130_2.bmp,32
130_3.bmp,32
130_4.bmp,32
130_5.bmp,32
130_6.bmp,32
130_7.bmp,32
130_8.bmp,32
130_9.bmp,32
130_10.bmp,32
130_11.bmp,32
130_12.bmp,32
130_13.bmp,32
130_14.bmp,32
130_15.bmp,32
130_16.bmp,32
130_17.bmp,32
130_18.bmp,32
130_19.bmp,32
130_20.bmp,32
130_21.bmp,32
130_22.bmp,32
130_23.bmp,32
130_24.bmp,32
130_25.bmp,32
130_26.bmp,32
130_27.bmp,32
130_28.bmp,32
130_29.bmp,32
130_30.bmp,32
224_1.bmp,33
224_2.bmp,33
224_3.bmp,33
224_4.bmp,33
224_5.bmp,33
224_6.bmp,33
224_7.bmp,33
224_8.bmp,33
224_9.bmp,33
224_10.bmp,33
224_11.bmp,33
224_12.bmp,33
224_13.bmp,33
224_14.bmp,33
224_15.bmp,33
224_16.bmp,33
224_17.bmp,33
224_18.bmp,33
224_19.bmp,33
224_20.bmp,33
224_21.bmp,33
224_22.bmp,33
224_23.bmp,33
224_24.bmp,33
224_25.bmp,33
224_26.bmp,33
224_27.bmp,33
224_28.bmp,33
224_29.bmp,33
224_30.bmp,33
269_1.bmp,34
269_2.bmp,34
269_3.bmp,34
269_4.bmp,34
269_5.bmp,34
269_6.bmp,34
269_7.bmp,34
269_8.bmp,34
269_9.bmp,34
269_10.bmp,34
269_11.bmp,34
269_12.bmp,34
269_13.bmp,34
269_14.bmp,34
269_15.bmp,34
269_16.bmp,34
269_17.bmp,34
269_18.bmp,34
269_19.bmp,34
269_20.bmp,34
269_21.bmp,34
269_22.bmp,34
269_23.bmp,34
269_24.bmp,34
269_25.bmp,34
269_26.bmp,34
269_27.bmp,34
269_28.bmp,34
269_29.bmp,34
269_30.bmp,34
189_1.bmp,35
189_2.bmp,35
189_3.bmp,35
189_4.bmp,35
189_5.bmp,35
189_6.bmp,35
189_7.bmp,35
189_8.bmp,35
189_9.bmp,35
189_10.bmp,35
189_11.bmp,35
189_12.bmp,35
189_13.bmp,35
189_14.bmp,35
189_15.bmp,35
189_16.bmp,35
189_17.bmp,35
189_18.bmp,35
189_19.bmp,35
189_20.bmp,35
189_21.bmp,35
189_22.bmp,35
189_23.bmp,35
189_24.bmp,35
189_25.bmp,35
189_26.bmp,35
189_27.bmp,35
189_28.bmp,35
189_29.bmp,35
189_30.bmp,35
50_1.bmp,36
50_2.bmp,36
50_3.bmp,36
50_4.bmp,36
50_5.bmp,36
50_6.bmp,36
50_7.bmp,36
50_8.bmp,36
50_9.bmp,36
50_10.bmp,36
50_11.bmp,36
50_12.bmp,36
50_13.bmp,36
50_14.bmp,36
50_15.bmp,36
50_16.bmp,36
50_17.bmp,36
50_18.bmp,36
50_19.bmp,36
50_20.bmp,36
50_21.bmp,36
50_22.bmp,36
50_23.bmp,36
50_24.bmp,36
50_25.bmp,36
50_26.bmp,36
50_27.bmp,36
50_28.bmp,36
50_29.bmp,36
50_30.bmp,36
230_1.bmp,37
230_2.bmp,37
230_3.bmp,37
230_4.bmp,37
230_5.bmp,37
230_6.bmp,37
230_7.bmp,37
230_8.bmp,37
230_9.bmp,37
230_10.bmp,37
230_11.bmp,37
230_12.bmp,37
230_13.bmp,37
230_14.bmp,37
230_15.bmp,37
230_16.bmp,37
230_17.bmp,37
230_18.bmp,37
230_19.bmp,37
230_20.bmp,37
230_21.bmp,37
230_22.bmp,37
230_23.bmp,37
230_24.bmp,37
230_25.bmp,37
230_26.bmp,37
230_27.bmp,37
230_28.bmp,37
230_29.bmp,37
230_30.bmp,37
181_1.bmp,38
181_2.bmp,38
181_3.bmp,38
181_4.bmp,38
181_5.bmp,38
181_6.bmp,38
181_7.bmp,38
181_8.bmp,38
181_9.bmp,38
181_10.bmp,38
181_11.bmp,38
181_12.bmp,38
181_13.bmp,38
181_14.bmp,38
181_15.bmp,38
181_16.bmp,38
181_17.bmp,38
181_18.bmp,38
181_19.bmp,38
181_20.bmp,38
181_21.bmp,38
181_22.bmp,38
181_23.bmp,38
181_24.bmp,38
181_25.bmp,38
181_26.bmp,38
181_27.bmp,38
181_28.bmp,38
181_29.bmp,38
181_30.bmp,38
39_1.bmp,39
39_2.bmp,39
39_3.bmp,39
39_4.bmp,39
39_5.bmp,39
39_6.bmp,39
39_7.bmp,39
39_8.bmp,39
39_9.bmp,39
39_10.bmp,39
39_11.bmp,39
39_12.bmp,39
39_13.bmp,39
39_14.bmp,39
39_15.bmp,39
39_16.bmp,39
39_17.bmp,39
39_18.bmp,39
39_19.bmp,39
39_20.bmp,39
39_21.bmp,39
39_22.bmp,39
39_23.bmp,39
39_24.bmp,39
39_25.bmp,39
39_26.bmp,39
39_27.bmp,39
39_28.bmp,39
39_29.bmp,39
39_30.bmp,39
94_1.bmp,40
94_2.bmp,40
94_3.bmp,40
94_4.bmp,40
94_5.bmp,40
94_6.bmp,40
94_7.bmp,40
94_8.bmp,40
94_9.bmp,40
94_10.bmp,40
94_11.bmp,40
94_12.bmp,40
94_13.bmp,40
94_14.bmp,40
94_15.bmp,40
94_16.bmp,40
94_17.bmp,40
94_18.bmp,40
94_19.bmp,40
94_20.bmp,40
94_21.bmp,40
94_22.bmp,40
94_23.bmp,40
94_24.bmp,40
94_25.bmp,40
94_26.bmp,40
94_27.bmp,40
94_28.bmp,40
94_29.bmp,40
94_30.bmp,40
1_1.bmp,41
1_2.bmp,41
1_3.bmp,41
1_4.bmp,41
1_5.bmp,41
1_6.bmp,41
1_7.bmp,41
1_8.bmp,41
1_9.bmp,41
1_10.bmp,41
1_11.bmp,41
1_12.bmp,41
1_13.bmp,41
1_14.bmp,41
1_15.bmp,41
1_16.bmp,41
1_17.bmp,41
1_18.bmp,41
1_19.bmp,41
1_20.bmp,41
1_21.bmp,41
1_22.bmp,41
1_23.bmp,41
1_24.bmp,41
1_25.bmp,41
1_26.bmp,41
1_27.bmp,41
1_28.bmp,41
1_29.bmp,41
1_30.bmp,41
298_1.bmp,42
298_2.bmp,42
298_3.bmp,42
298_4.bmp,42
298_5.bmp,42
298_6.bmp,42
298_7.bmp,42
298_8.bmp,42
298_9.bmp,42
298_10.bmp,42
298_11.bmp,42
298_12.bmp,42
298_13.bmp,42
298_14.bmp,42
298_15.bmp,42
298_16.bmp,42
298_17.bmp,42
298_18.bmp,42
298_19.bmp,42
298_20.bmp,42
298_21.bmp,42
298_22.bmp,42
298_23.bmp,42
298_24.bmp,42
298_25.bmp,42
298_26.bmp,42
298_27.bmp,42
298_28.bmp,42
298_29.bmp,42
298_30.bmp,42
37_1.bmp,43
37_2.bmp,43
37_3.bmp,43
37_4.bmp,43
37_5.bmp,43
37_6.bmp,43
37_7.bmp,43
37_8.bmp,43
37_9.bmp,43
37_10.bmp,43
37_11.bmp,43
37_12.bmp,43
37_13.bmp,43
37_14.bmp,43
37_15.bmp,43
37_16.bmp,43
37_17.bmp,43
37_18.bmp,43
37_19.bmp,43
37_20.bmp,43
37_21.bmp,43
37_22.bmp,43
37_23.bmp,43
37_24.bmp,43
37_25.bmp,43
37_26.bmp,43
37_27.bmp,43
37_28.bmp,43
37_29.bmp,43
37_30.bmp,43
125_1.bmp,44
125_2.bmp,44
125_3.bmp,44
125_4.bmp,44
125_5.bmp,44
125_6.bmp,44
125_7.bmp,44
125_8.bmp,44
125_9.bmp,44
125_10.bmp,44
125_11.bmp,44
125_12.bmp,44
125_13.bmp,44
125_14.bmp,44
125_15.bmp,44
125_16.bmp,44
125_17.bmp,44
125_18.bmp,44
125_19.bmp,44
125_20.bmp,44
125_21.bmp,44
125_22.bmp,44
125_23.bmp,44
125_24.bmp,44
125_25.bmp,44
125_26.bmp,44
125_27.bmp,44
125_28.bmp,44
125_29.bmp,44
125_30.bmp,44
195_1.bmp,45
195_2.bmp,45
195_3.bmp,45
195_4.bmp,45
195_5.bmp,45
195_6.bmp,45
195_7.bmp,45
195_8.bmp,45
195_9.bmp,45
195_10.bmp,45
195_11.bmp,45
195_12.bmp,45
195_13.bmp,45
195_14.bmp,45
195_15.bmp,45
195_16.bmp,45
195_17.bmp,45
195_18.bmp,45
195_19.bmp,45
195_20.bmp,45
195_21.bmp,45
195_22.bmp,45
195_23.bmp,45
195_24.bmp,45
195_25.bmp,45
195_26.bmp,45
195_27.bmp,45
195_28.bmp,45
195_29.bmp,45
195_30.bmp,45
256_1.bmp,46
256_2.bmp,46
256_3.bmp,46
256_4.bmp,46
256_5.bmp,46
256_6.bmp,46
256_7.bmp,46
256_8.bmp,46
256_9.bmp,46
256_10.bmp,46
256_11.bmp,46
256_12.bmp,46
256_13.bmp,46
256_14.bmp,46
256_15.bmp,46
256_16.bmp,46
256_17.bmp,46
256_18.bmp,46
256_19.bmp,46
256_20.bmp,46
256_21.bmp,46
256_22.bmp,46
256_23.bmp,46
256_24.bmp,46
256_25.bmp,46
256_26.bmp,46
256_27.bmp,46
256_28.bmp,46
256_29.bmp,46
256_30.bmp,46
127_1.bmp,47
127_2.bmp,47
127_3.bmp,47
127_4.bmp,47
127_5.bmp,47
127_6.bmp,47
127_7.bmp,47
127_8.bmp,47
127_9.bmp,47
127_10.bmp,47
127_11.bmp,47
127_12.bmp,47
127_13.bmp,47
127_14.bmp,47
127_15.bmp,47
127_16.bmp,47
127_17.bmp,47
127_18.bmp,47
127_19.bmp,47
127_20.bmp,47
127_21.bmp,47
127_22.bmp,47
127_23.bmp,47
127_24.bmp,47
127_25.bmp,47
127_26.bmp,47
127_27.bmp,47
127_28.bmp,47
127_29.bmp,47
127_30.bmp,47
141_1.bmp,48
141_2.bmp,48
141_3.bmp,48
141_4.bmp,48
141_5.bmp,48
141_6.bmp,48
141_7.bmp,48
141_8.bmp,48
141_9.bmp,48
141_10.bmp,48
141_11.bmp,48
141_12.bmp,48
141_13.bmp,48
141_14.bmp,48
141_15.bmp,48
141_16.bmp,48
141_17.bmp,48
141_18.bmp,48
141_19.bmp,48
141_20.bmp,48
141_21.bmp,48
141_22.bmp,48
141_23.bmp,48
141_24.bmp,48
141_25.bmp,48
141_26.bmp,48
141_27.bmp,48
141_28.bmp,48
141_29.bmp,48
141_30.bmp,48
74_1.bmp,49
74_2.bmp,49
74_3.bmp,49
74_4.bmp,49
74_5.bmp,49
74_6.bmp,49
74_7.bmp,49
74_8.bmp,49
74_9.bmp,49
74_10.bmp,49
74_11.bmp,49
74_12.bmp,49
74_13.bmp,49
74_14.bmp,49
74_15.bmp,49
74_16.bmp,49
74_17.bmp,49
74_18.bmp,49
74_19.bmp,49
74_20.bmp,49
74_21.bmp,49
74_22.bmp,49
74_23.bmp,49
74_24.bmp,49
74_25.bmp,49
74_26.bmp,49
74_27.bmp,49
74_28.bmp,49
74_29.bmp,49
74_30.bmp,49
91_1.bmp,50
91_2.bmp,50
91_3.bmp,50
91_4.bmp,50
91_5.bmp,50
91_6.bmp,50
91_7.bmp,50
91_8.bmp,50
91_9.bmp,50
91_10.bmp,50
91_11.bmp,50
91_12.bmp,50
91_13.bmp,50
91_14.bmp,50
91_15.bmp,50
91_16.bmp,50
91_17.bmp,50
91_18.bmp,50
91_19.bmp,50
91_20.bmp,50
91_21.bmp,50
91_22.bmp,50
91_23.bmp,50
91_24.bmp,50
91_25.bmp,50
91_26.bmp,50
91_27.bmp,50
91_28.bmp,50
91_29.bmp,50
91_30.bmp,50
6_1.bmp,51
6_2.bmp,51
6_3.bmp,51
6_4.bmp,51
6_5.bmp,51
6_6.bmp,51
6_7.bmp,51
6_8.bmp,51
6_9.bmp,51
6_10.bmp,51
6_11.bmp,51
6_12.bmp,51
6_13.bmp,51
6_14.bmp,51
6_15.bmp,51
6_16.bmp,51
6_17.bmp,51
6_18.bmp,51
6_19.bmp,51
6_20.bmp,51
6_21.bmp,51
6_22.bmp,51
6_23.bmp,51
6_24.bmp,51
6_25.bmp,51
6_26.bmp,51
6_27.bmp,51
6_28.bmp,51
6_29.bmp,51
6_30.bmp,51
258_1.bmp,52
258_2.bmp,52
258_3.bmp,52
258_4.bmp,52
258_5.bmp,52
258_6.bmp,52
258_7.bmp,52
258_8.bmp,52
258_9.bmp,52
258_10.bmp,52
258_11.bmp,52
258_12.bmp,52
258_13.bmp,52
258_14.bmp,52
258_15.bmp,52
258_16.bmp,52
258_17.bmp,52
258_18.bmp,52
258_19.bmp,52
258_20.bmp,52
258_21.bmp,52
258_22.bmp,52
258_23.bmp,52
258_24.bmp,52
258_25.bmp,52
258_26.bmp,52
258_27.bmp,52
258_28.bmp,52
258_29.bmp,52
258_30.bmp,52
311_1.bmp,53
311_2.bmp,53
311_3.bmp,53
311_4.bmp,53
311_5.bmp,53
311_6.bmp,53
311_7.bmp,53
311_8.bmp,53
311_9.bmp,53
311_10.bmp,53
311_11.bmp,53
311_12.bmp,53
311_13.bmp,53
311_14.bmp,53
311_15.bmp,53
311_16.bmp,53
311_17.bmp,53
311_18.bmp,53
311_19.bmp,53
311_20.bmp,53
311_21.bmp,53
311_22.bmp,53
311_23.bmp,53
311_24.bmp,53
311_25.bmp,53
311_26.bmp,53
311_27.bmp,53
311_28.bmp,53
311_29.bmp,53
311_30.bmp,53
313_1.bmp,54
313_2.bmp,54
313_3.bmp,54
313_4.bmp,54
313_5.bmp,54
313_6.bmp,54
313_7.bmp,54
313_8.bmp,54
313_9.bmp,54
313_10.bmp,54
313_11.bmp,54
313_12.bmp,54
313_13.bmp,54
313_14.bmp,54
313_15.bmp,54
313_16.bmp,54
313_17.bmp,54
313_18.bmp,54
313_19.bmp,54
313_20.bmp,54
313_21.bmp,54
313_22.bmp,54
313_23.bmp,54
313_24.bmp,54
313_25.bmp,54
313_26.bmp,54
313_27.bmp,54
313_28.bmp,54
313_29.bmp,54
313_30.bmp,54
339_1.bmp,55
339_2.bmp,55
339_3.bmp,55
339_4.bmp,55
339_5.bmp,55
339_6.bmp,55
339_7.bmp,55
339_8.bmp,55
339_9.bmp,55
339_10.bmp,55
339_11.bmp,55
339_12.bmp,55
339_13.bmp,55
339_14.bmp,55
339_15.bmp,55
339_16.bmp,55
339_17.bmp,55
339_18.bmp,55
339_19.bmp,55
339_20.bmp,55
339_21.bmp,55
339_22.bmp,55
339_23.bmp,55
339_24.bmp,55
339_25.bmp,55
339_26.bmp,55
339_27.bmp,55
339_28.bmp,55
339_29.bmp,55
339_30.bmp,55
137_1.bmp,56
137_2.bmp,56
137_3.bmp,56
137_4.bmp,56
137_5.bmp,56
137_6.bmp,56
137_7.bmp,56
137_8.bmp,56
137_9.bmp,56
137_10.bmp,56
137_11.bmp,56
137_12.bmp,56
137_13.bmp,56
137_14.bmp,56
137_15.bmp,56
137_16.bmp,56
137_17.bmp,56
137_18.bmp,56
137_19.bmp,56
137_20.bmp,56
137_21.bmp,56
137_22.bmp,56
137_23.bmp,56
137_24.bmp,56
137_25.bmp,56
137_26.bmp,56
137_27.bmp,56
137_28.bmp,56
137_29.bmp,56
137_30.bmp,56
262_1.bmp,57
262_2.bmp,57
262_3.bmp,57
262_4.bmp,57
262_5.bmp,57
262_6.bmp,57
262_7.bmp,57
262_8.bmp,57
262_9.bmp,57
262_10.bmp,57
262_11.bmp,57
262_12.bmp,57
262_13.bmp,57
262_14.bmp,57
262_15.bmp,57
262_16.bmp,57
262_17.bmp,57
262_18.bmp,57
262_19.bmp,57
262_20.bmp,57
262_21.bmp,57
262_22.bmp,57
262_23.bmp,57
262_24.bmp,57
262_25.bmp,57
262_26.bmp,57
262_27.bmp,57
262_28.bmp,57
262_29.bmp,57
262_30.bmp,57
320_1.bmp,58
320_2.bmp,58
320_3.bmp,58
320_4.bmp,58
320_5.bmp,58
320_6.bmp,58
320_7.bmp,58
320_8.bmp,58
320_9.bmp,58
320_10.bmp,58
320_11.bmp,58
320_12.bmp,58
320_13.bmp,58
320_14.bmp,58
320_15.bmp,58
320_16.bmp,58
320_17.bmp,58
320_18.bmp,58
320_19.bmp,58
320_20.bmp,58
320_21.bmp,58
320_22.bmp,58
320_23.bmp,58
320_24.bmp,58
320_25.bmp,58
320_26.bmp,58
320_27.bmp,58
320_28.bmp,58
320_29.bmp,58
320_30.bmp,58
289_1.bmp,59
289_2.bmp,59
289_3.bmp,59
289_4.bmp,59
289_5.bmp,59
289_6.bmp,59
289_7.bmp,59
289_8.bmp,59
289_9.bmp,59
289_10.bmp,59
289_11.bmp,59
289_12.bmp,59
289_13.bmp,59
289_14.bmp,59
289_15.bmp,59
289_16.bmp,59
289_17.bmp,59
289_18.bmp,59
289_19.bmp,59
289_20.bmp,59
289_21.bmp,59
289_22.bmp,59
289_23.bmp,59
289_24.bmp,59
289_25.bmp,59
289_26.bmp,59
289_27.bmp,59
289_28.bmp,59
289_29.bmp,59
289_30.bmp,59
190_1.bmp,60
190_2.bmp,60
190_3.bmp,60
190_4.bmp,60
190_5.bmp,60
190_6.bmp,60
190_7.bmp,60
190_8.bmp,60
190_9.bmp,60
190_10.bmp,60
190_11.bmp,60
190_12.bmp,60
190_13.bmp,60
190_14.bmp,60
190_15.bmp,60
190_16.bmp,60
190_17.bmp,60
190_18.bmp,60
190_19.bmp,60
190_20.bmp,60
190_21.bmp,60
190_22.bmp,60
190_23.bmp,60
190_24.bmp,60
190_25.bmp,60
190_26.bmp,60
190_27.bmp,60
190_28.bmp,60
190_29.bmp,60
190_30.bmp,60
294_1.bmp,61
294_2.bmp,61
294_3.bmp,61
294_4.bmp,61
294_5.bmp,61
294_6.bmp,61
294_7.bmp,61
294_8.bmp,61
294_9.bmp,61
294_10.bmp,61
294_11.bmp,61
294_12.bmp,61
294_13.bmp,61
294_14.bmp,61
294_15.bmp,61
294_16.bmp,61
294_17.bmp,61
294_18.bmp,61
294_19.bmp,61
294_20.bmp,61
294_21.bmp,61
294_22.bmp,61
294_23.bmp,61
294_24.bmp,61
294_25.bmp,61
294_26.bmp,61
294_27.bmp,61
294_28.bmp,61
294_29.bmp,61
294_30.bmp,61
88_1.bmp,62
88_2.bmp,62
88_3.bmp,62
88_4.bmp,62
88_5.bmp,62
88_6.bmp,62
88_7.bmp,62
88_8.bmp,62
88_9.bmp,62
88_10.bmp,62
88_11.bmp,62
88_12.bmp,62
88_13.bmp,62
88_14.bmp,62
88_15.bmp,62
88_16.bmp,62
88_17.bmp,62
88_18.bmp,62
88_19.bmp,62
88_20.bmp,62
88_21.bmp,62
88_22.bmp,62
88_23.bmp,62
88_24.bmp,62
88_25.bmp,62
88_26.bmp,62
88_27.bmp,62
88_28.bmp,62
88_29.bmp,62
88_30.bmp,62
266_1.bmp,63
266_2.bmp,63
266_3.bmp,63
266_4.bmp,63
266_5.bmp,63
266_6.bmp,63
266_7.bmp,63
266_8.bmp,63
266_9.bmp,63
266_10.bmp,63
266_11.bmp,63
266_12.bmp,63
266_13.bmp,63
266_14.bmp,63
266_15.bmp,63
266_16.bmp,63
266_17.bmp,63
266_18.bmp,63
266_19.bmp,63
266_20.bmp,63
266_21.bmp,63
266_22.bmp,63
266_23.bmp,63
266_24.bmp,63
266_25.bmp,63
266_26.bmp,63
266_27.bmp,63
266_28.bmp,63
266_29.bmp,63
266_30.bmp,63
16_1.bmp,64
16_2.bmp,64
16_3.bmp,64
16_4.bmp,64
16_5.bmp,64
16_6.bmp,64
16_7.bmp,64
16_8.bmp,64
16_9.bmp,64
16_10.bmp,64
16_11.bmp,64
16_12.bmp,64
16_13.bmp,64
16_14.bmp,64
16_15.bmp,64
16_16.bmp,64
16_17.bmp,64
16_18.bmp,64
16_19.bmp,64
16_20.bmp,64
16_21.bmp,64
16_22.bmp,64
16_23.bmp,64
16_24.bmp,64
16_25.bmp,64
16_26.bmp,64
16_27.bmp,64
16_28.bmp,64
16_29.bmp,64
16_30.bmp,64
13_1.bmp,65
13_2.bmp,65
13_3.bmp,65
13_4.bmp,65
13_5.bmp,65
13_6.bmp,65
13_7.bmp,65
13_8.bmp,65
13_9.bmp,65
13_10.bmp,65
13_11.bmp,65
13_12.bmp,65
13_13.bmp,65
13_14.bmp,65
13_15.bmp,65
13_16.bmp,65
13_17.bmp,65
13_18.bmp,65
13_19.bmp,65
13_20.bmp,65
13_21.bmp,65
13_22.bmp,65
13_23.bmp,65
13_24.bmp,65
13_25.bmp,65
13_26.bmp,65
13_27.bmp,65
13_28.bmp,65
13_29.bmp,65
13_30.bmp,65
285_1.bmp,66
285_2.bmp,66
285_3.bmp,66
285_4.bmp,66
285_5.bmp,66
285_6.bmp,66
285_7.bmp,66
285_8.bmp,66
285_9.bmp,66
285_10.bmp,66
285_11.bmp,66
285_12.bmp,66
285_13.bmp,66
285_14.bmp,66
285_15.bmp,66
285_16.bmp,66
285_17.bmp,66
285_18.bmp,66
285_19.bmp,66
285_20.bmp,66
285_21.bmp,66
285_22.bmp,66
285_23.bmp,66
285_24.bmp,66
285_25.bmp,66
285_26.bmp,66
285_27.bmp,66
285_28.bmp,66
285_29.bmp,66
285_30.bmp,66
64_1.bmp,67
64_2.bmp,67
64_3.bmp,67
64_4.bmp,67
64_5.bmp,67
64_6.bmp,67
64_7.bmp,67
64_8.bmp,67
64_9.bmp,67
64_10.bmp,67
64_11.bmp,67
64_12.bmp,67
64_13.bmp,67
64_14.bmp,67
64_15.bmp,67
64_16.bmp,67
64_17.bmp,67
64_18.bmp,67
64_19.bmp,67
64_20.bmp,67
64_21.bmp,67
64_22.bmp,67
64_23.bmp,67
64_24.bmp,67
64_25.bmp,67
64_26.bmp,67
64_27.bmp,67
64_28.bmp,67
64_29.bmp,67
64_30.bmp,67
245_1.bmp,68
245_2.bmp,68
245_3.bmp,68
245_4.bmp,68
245_5.bmp,68
245_6.bmp,68
245_7.bmp,68
245_8.bmp,68
245_9.bmp,68
245_10.bmp,68
245_11.bmp,68
245_12.bmp,68
245_13.bmp,68
245_14.bmp,68
245_15.bmp,68
245_16.bmp,68
245_17.bmp,68
245_18.bmp,68
245_19.bmp,68
245_20.bmp,68
245_21.bmp,68
245_22.bmp,68
245_23.bmp,68
245_24.bmp,68
245_25.bmp,68
245_26.bmp,68
245_27.bmp,68
245_28.bmp,68
245_29.bmp,68
245_30.bmp,68
57_1.bmp,69
57_2.bmp,69
57_3.bmp,69
57_4.bmp,69
57_5.bmp,69
57_6.bmp,69
57_7.bmp,69
57_8.bmp,69
57_9.bmp,69
57_10.bmp,69
57_11.bmp,69
57_12.bmp,69
57_13.bmp,69
57_14.bmp,69
57_15.bmp,69
57_16.bmp,69
57_17.bmp,69
57_18.bmp,69
57_19.bmp,69
57_20.bmp,69
57_21.bmp,69
57_22.bmp,69
57_23.bmp,69
57_24.bmp,69
57_25.bmp,69
57_26.bmp,69
57_27.bmp,69
57_28.bmp,69
57_29.bmp,69
57_30.bmp,69
140_1.bmp,70
140_2.bmp,70
140_3.bmp,70
140_4.bmp,70
140_5.bmp,70
140_6.bmp,70
140_7.bmp,70
140_8.bmp,70
140_9.bmp,70
140_10.bmp,70
140_11.bmp,70
140_12.bmp,70
140_13.bmp,70
140_14.bmp,70
140_15.bmp,70
140_16.bmp,70
140_17.bmp,70
140_18.bmp,70
140_19.bmp,70
140_20.bmp,70
140_21.bmp,70
140_22.bmp,70
140_23.bmp,70
140_24.bmp,70
140_25.bmp,70
140_26.bmp,70
140_27.bmp,70
140_28.bmp,70
140_29.bmp,70
140_30.bmp,70
198_1.bmp,71
198_2.bmp,71
198_3.bmp,71
198_4.bmp,71
198_5.bmp,71
198_6.bmp,71
198_7.bmp,71
198_8.bmp,71
198_9.bmp,71
198_10.bmp,71
198_11.bmp,71
198_12.bmp,71
198_13.bmp,71
198_14.bmp,71
198_15.bmp,71
198_16.bmp,71
198_17.bmp,71
198_18.bmp,71
198_19.bmp,71
198_20.bmp,71
198_21.bmp,71
198_22.bmp,71
198_23.bmp,71
198_24.bmp,71
198_25.bmp,71
198_26.bmp,71
198_27.bmp,71
198_28.bmp,71
198_29.bmp,71
198_30.bmp,71
188_1.bmp,72
188_2.bmp,72
188_3.bmp,72
188_4.bmp,72
188_5.bmp,72
188_6.bmp,72
188_7.bmp,72
188_8.bmp,72
188_9.bmp,72
188_10.bmp,72
188_11.bmp,72
188_12.bmp,72
188_13.bmp,72
188_14.bmp,72
188_15.bmp,72
188_16.bmp,72
188_17.bmp,72
188_18.bmp,72
188_19.bmp,72
188_20.bmp,72
188_21.bmp,72
188_22.bmp,72
188_23.bmp,72
188_24.bmp,72
188_25.bmp,72
188_26.bmp,72
188_27.bmp,72
188_28.bmp,72
188_29.bmp,72
188_30.bmp,72
44_1.bmp,73
44_2.bmp,73
44_3.bmp,73
44_4.bmp,73
44_5.bmp,73
44_6.bmp,73
44_7.bmp,73
44_8.bmp,73
44_9.bmp,73
44_10.bmp,73
44_11.bmp,73
44_12.bmp,73
44_13.bmp,73
44_14.bmp,73
44_15.bmp,73
44_16.bmp,73
44_17.bmp,73
44_18.bmp,73
44_19.bmp,73
44_20.bmp,73
44_21.bmp,73
44_22.bmp,73
44_23.bmp,73
44_24.bmp,73
44_25.bmp,73
44_26.bmp,73
44_27.bmp,73
44_28.bmp,73
44_29.bmp,73
44_30.bmp,73
328_1.bmp,74
328_2.bmp,74
328_3.bmp,74
328_4.bmp,74
328_5.bmp,74
328_6.bmp,74
328_7.bmp,74
328_8.bmp,74
328_9.bmp,74
328_10.bmp,74
328_11.bmp,74
328_12.bmp,74
328_13.bmp,74
328_14.bmp,74
328_15.bmp,74
328_16.bmp,74
328_17.bmp,74
328_18.bmp,74
328_19.bmp,74
328_20.bmp,74
328_21.bmp,74
328_22.bmp,74
328_23.bmp,74
328_24.bmp,74
328_25.bmp,74
328_26.bmp,74
328_27.bmp,74
328_28.bmp,74
328_29.bmp,74
328_30.bmp,74
319_1.bmp,75
319_2.bmp,75
319_3.bmp,75
319_4.bmp,75
319_5.bmp,75
319_6.bmp,75
319_7.bmp,75
319_8.bmp,75
319_9.bmp,75
319_10.bmp,75
319_11.bmp,75
319_12.bmp,75
319_13.bmp,75
319_14.bmp,75
319_15.bmp,75
319_16.bmp,75
319_17.bmp,75
319_18.bmp,75
319_19.bmp,75
319_20.bmp,75
319_21.bmp,75
319_22.bmp,75
319_23.bmp,75
319_24.bmp,75
319_25.bmp,75
319_26.bmp,75
319_27.bmp,75
319_28.bmp,75
319_29.bmp,75
319_30.bmp,75
129_1.bmp,76
129_2.bmp,76
129_3.bmp,76
129_4.bmp,76
129_5.bmp,76
129_6.bmp,76
129_7.bmp,76
129_8.bmp,76
129_9.bmp,76
129_10.bmp,76
129_11.bmp,76
129_12.bmp,76
129_13.bmp,76
129_14.bmp,76
129_15.bmp,76
129_16.bmp,76
129_17.bmp,76
129_18.bmp,76
129_19.bmp,76
129_20.bmp,76
129_21.bmp,76
129_22.bmp,76
129_23.bmp,76
129_24.bmp,76
129_25.bmp,76
129_26.bmp,76
129_27.bmp,76
129_28.bmp,76
129_29.bmp,76
129_30.bmp,76
219_1.bmp,77
219_2.bmp,77
219_3.bmp,77
219_4.bmp,77
219_5.bmp,77
219_6.bmp,77
219_7.bmp,77
219_8.bmp,77
219_9.bmp,77
219_10.bmp,77
219_11.bmp,77
219_12.bmp,77
219_13.bmp,77
219_14.bmp,77
219_15.bmp,77
219_16.bmp,77
219_17.bmp,77
219_18.bmp,77
219_19.bmp,77
219_20.bmp,77
219_21.bmp,77
219_22.bmp,77
219_23.bmp,77
219_24.bmp,77
219_25.bmp,77
219_26.bmp,77
219_27.bmp,77
219_28.bmp,77
219_29.bmp,77
219_30.bmp,77
159_1.bmp,78
159_2.bmp,78
159_3.bmp,78
159_4.bmp,78
159_5.bmp,78
159_6.bmp,78
159_7.bmp,78
159_8.bmp,78
159_9.bmp,78
159_10.bmp,78
159_11.bmp,78
159_12.bmp,78
159_13.bmp,78
159_14.bmp,78
159_15.bmp,78
159_16.bmp,78
159_17.bmp,78
159_18.bmp,78
159_19.bmp,78
159_20.bmp,78
159_21.bmp,78
159_22.bmp,78
159_23.bmp,78
159_24.bmp,78
159_25.bmp,78
159_26.bmp,78
159_27.bmp,78
159_28.bmp,78
159_29.bmp,78
159_30.bmp,78
302_1.bmp,79
302_2.bmp,79
302_3.bmp,79
302_4.bmp,79
302_5.bmp,79
302_6.bmp,79
302_7.bmp,79
302_8.bmp,79
302_9.bmp,79
302_10.bmp,79
302_11.bmp,79
302_12.bmp,79
302_13.bmp,79
302_14.bmp,79
302_15.bmp,79
302_16.bmp,79
302_17.bmp,79
302_18.bmp,79
302_19.bmp,79
302_20.bmp,79
302_21.bmp,79
302_22.bmp,79
302_23.bmp,79
302_24.bmp,79
302_25.bmp,79
302_26.bmp,79
302_27.bmp,79
302_28.bmp,79
302_29.bmp,79
302_30.bmp,79
333_1.bmp,80
333_2.bmp,80
333_3.bmp,80
333_4.bmp,80
333_5.bmp,80
333_6.bmp,80
333_7.bmp,80
333_8.bmp,80
333_9.bmp,80
333_10.bmp,80
333_11.bmp,80
333_12.bmp,80
333_13.bmp,80
333_14.bmp,80
333_15.bmp,80
333_16.bmp,80
333_17.bmp,80
333_18.bmp,80
333_19.bmp,80
333_20.bmp,80
333_21.bmp,80
333_22.bmp,80
333_23.bmp,80
333_24.bmp,80
333_25.bmp,80
333_26.bmp,80
333_27.bmp,80
333_28.bmp,80
333_29.bmp,80
333_30.bmp,80
78_1.bmp,81
78_2.bmp,81
78_3.bmp,81
78_4.bmp,81
78_5.bmp,81
78_6.bmp,81
78_7.bmp,81
78_8.bmp,81
78_9.bmp,81
78_10.bmp,81
78_11.bmp,81
78_12.bmp,81
78_13.bmp,81
78_14.bmp,81
78_15.bmp,81
78_16.bmp,81
78_17.bmp,81
78_18.bmp,81
78_19.bmp,81
78_20.bmp,81
78_21.bmp,81
78_22.bmp,81
78_23.bmp,81
78_24.bmp,81
78_25.bmp,81
78_26.bmp,81
78_27.bmp,81
78_28.bmp,81
78_29.bmp,81
78_30.bmp,81
73_1.bmp,82
73_2.bmp,82
73_3.bmp,82
73_4.bmp,82
73_5.bmp,82
73_6.bmp,82
73_7.bmp,82
73_8.bmp,82
73_9.bmp,82
73_10.bmp,82
73_11.bmp,82
73_12.bmp,82
73_13.bmp,82
73_14.bmp,82
73_15.bmp,82
73_16.bmp,82
73_17.bmp,82
73_18.bmp,82
73_19.bmp,82
73_20.bmp,82
73_21.bmp,82
73_22.bmp,82
73_23.bmp,82
73_24.bmp,82
73_25.bmp,82
73_26.bmp,82
73_27.bmp,82
73_28.bmp,82
73_29.bmp,82
73_30.bmp,82
268_1.bmp,83
268_2.bmp,83
268_3.bmp,83
268_4.bmp,83
268_5.bmp,83
268_6.bmp,83
268_7.bmp,83
268_8.bmp,83
268_9.bmp,83
268_10.bmp,83
268_11.bmp,83
268_12.bmp,83
268_13.bmp,83
268_14.bmp,83
268_15.bmp,83
268_16.bmp,83
268_17.bmp,83
268_18.bmp,83
268_19.bmp,83
268_20.bmp,83
268_21.bmp,83
268_22.bmp,83
268_23.bmp,83
268_24.bmp,83
268_25.bmp,83
268_26.bmp,83
268_27.bmp,83
268_28.bmp,83
268_29.bmp,83
268_30.bmp,83
222_1.bmp,84
222_2.bmp,84
222_3.bmp,84
222_4.bmp,84
222_5.bmp,84
222_6.bmp,84
222_7.bmp,84
222_8.bmp,84
222_9.bmp,84
222_10.bmp,84
222_11.bmp,84
222_12.bmp,84
222_13.bmp,84
222_14.bmp,84
222_15.bmp,84
222_16.bmp,84
222_17.bmp,84
222_18.bmp,84
222_19.bmp,84
222_20.bmp,84
222_21.bmp,84
222_22.bmp,84
222_23.bmp,84
222_24.bmp,84
222_25.bmp,84
222_26.bmp,84
222_27.bmp,84
222_28.bmp,84
222_29.bmp,84
222_30.bmp,84
326_1.bmp,85
326_2.bmp,85
326_3.bmp,85
326_4.bmp,85
326_5.bmp,85
326_6.bmp,85
326_7.bmp,85
326_8.bmp,85
326_9.bmp,85
326_10.bmp,85
326_11.bmp,85
326_12.bmp,85
326_13.bmp,85
326_14.bmp,85
326_15.bmp,85
326_16.bmp,85
326_17.bmp,85
326_18.bmp,85
326_19.bmp,85
326_20.bmp,85
326_21.bmp,85
326_22.bmp,85
326_23.bmp,85
326_24.bmp,85
326_25.bmp,85
326_26.bmp,85
326_27.bmp,85
326_28.bmp,85
326_29.bmp,85
326_30.bmp,85
330_1.bmp,86
330_2.bmp,86
330_3.bmp,86
330_4.bmp,86
330_5.bmp,86
330_6.bmp,86
330_7.bmp,86
330_8.bmp,86
330_9.bmp,86
330_10.bmp,86
330_11.bmp,86
330_12.bmp,86
330_13.bmp,86
330_14.bmp,86
330_15.bmp,86
330_16.bmp,86
330_17.bmp,86
330_18.bmp,86
330_19.bmp,86
330_20.bmp,86
330_21.bmp,86
330_22.bmp,86
330_23.bmp,86
330_24.bmp,86
330_25.bmp,86
330_26.bmp,86
330_27.bmp,86
330_28.bmp,86
330_29.bmp,86
330_30.bmp,86
2_1.bmp,87
2_2.bmp,87
2_3.bmp,87
2_4.bmp,87
2_5.bmp,87
2_6.bmp,87
2_7.bmp,87
2_8.bmp,87
2_9.bmp,87
2_10.bmp,87
2_11.bmp,87
2_12.bmp,87
2_13.bmp,87
2_14.bmp,87
2_15.bmp,87
2_16.bmp,87
2_17.bmp,87
2_18.bmp,87
2_19.bmp,87
2_20.bmp,87
2_21.bmp,87
2_22.bmp,87
2_23.bmp,87
2_24.bmp,87
2_25.bmp,87
2_26.bmp,87
2_27.bmp,87
2_28.bmp,87
2_29.bmp,87
2_30.bmp,87
21_1.bmp,88
21_2.bmp,88
21_3.bmp,88
21_4.bmp,88
21_5.bmp,88
21_6.bmp,88
21_7.bmp,88
21_8.bmp,88
21_9.bmp,88
21_10.bmp,88
21_11.bmp,88
21_12.bmp,88
21_13.bmp,88
21_14.bmp,88
21_15.bmp,88
21_16.bmp,88
21_17.bmp,88
21_18.bmp,88
21_19.bmp,88
21_20.bmp,88
21_21.bmp,88
21_22.bmp,88
21_23.bmp,88
21_24.bmp,88
21_25.bmp,88
21_26.bmp,88
21_27.bmp,88
21_28.bmp,88
21_29.bmp,88
21_30.bmp,88
118_1.bmp,89
118_2.bmp,89
118_3.bmp,89
118_4.bmp,89
118_5.bmp,89
118_6.bmp,89
118_7.bmp,89
118_8.bmp,89
118_9.bmp,89
118_10.bmp,89
118_11.bmp,89
118_12.bmp,89
118_13.bmp,89
118_14.bmp,89
118_15.bmp,89
118_16.bmp,89
118_17.bmp,89
118_18.bmp,89
118_19.bmp,89
118_20.bmp,89
118_21.bmp,89
118_22.bmp,89
118_23.bmp,89
118_24.bmp,89
118_25.bmp,89
118_26.bmp,89
118_27.bmp,89
118_28.bmp,89
118_29.bmp,89
118_30.bmp,89
17_1.bmp,90
17_2.bmp,90
17_3.bmp,90
17_4.bmp,90
17_5.bmp,90
17_6.bmp,90
17_7.bmp,90
17_8.bmp,90
17_9.bmp,90
17_10.bmp,90
17_11.bmp,90
17_12.bmp,90
17_13.bmp,90
17_14.bmp,90
17_15.bmp,90
17_16.bmp,90
17_17.bmp,90
17_18.bmp,90
17_19.bmp,90
17_20.bmp,90
17_21.bmp,90
17_22.bmp,90
17_23.bmp,90
17_24.bmp,90
17_25.bmp,90
17_26.bmp,90
17_27.bmp,90
17_28.bmp,90
17_29.bmp,90
17_30.bmp,90
239_1.bmp,91
239_2.bmp,91
239_3.bmp,91
239_4.bmp,91
239_5.bmp,91
239_6.bmp,91
239_7.bmp,91
239_8.bmp,91
239_9.bmp,91
239_10.bmp,91
239_11.bmp,91
239_12.bmp,91
239_13.bmp,91
239_14.bmp,91
239_15.bmp,91
239_16.bmp,91
239_17.bmp,91
239_18.bmp,91
239_19.bmp,91
239_20.bmp,91
239_21.bmp,91
239_22.bmp,91
239_23.bmp,91
239_24.bmp,91
239_25.bmp,91
239_26.bmp,91
239_27.bmp,91
239_28.bmp,91
239_29.bmp,91
239_30.bmp,91
99_1.bmp,92
99_2.bmp,92
99_3.bmp,92
99_4.bmp,92
99_5.bmp,92
99_6.bmp,92
99_7.bmp,92
99_8.bmp,92
99_9.bmp,92
99_10.bmp,92
99_11.bmp,92
99_12.bmp,92
99_13.bmp,92
99_14.bmp,92
99_15.bmp,92
99_16.bmp,92
99_17.bmp,92
99_18.bmp,92
99_19.bmp,92
99_20.bmp,92
99_21.bmp,92
99_22.bmp,92
99_23.bmp,92
99_24.bmp,92
99_25.bmp,92
99_26.bmp,92
99_27.bmp,92
99_28.bmp,92
99_29.bmp,92
99_30.bmp,92
158_1.bmp,93
158_2.bmp,93
158_3.bmp,93
158_4.bmp,93
158_5.bmp,93
158_6.bmp,93
158_7.bmp,93
158_8.bmp,93
158_9.bmp,93
158_10.bmp,93
158_11.bmp,93
158_12.bmp,93
158_13.bmp,93
158_14.bmp,93
158_15.bmp,93
158_16.bmp,93
158_17.bmp,93
158_18.bmp,93
158_19.bmp,93
158_20.bmp,93
158_21.bmp,93
158_22.bmp,93
158_23.bmp,93
158_24.bmp,93
158_25.bmp,93
158_26.bmp,93
158_27.bmp,93
158_28.bmp,93
158_29.bmp,93
158_30.bmp,93
108_1.bmp,94
108_2.bmp,94
108_3.bmp,94
108_4.bmp,94
108_5.bmp,94
108_6.bmp,94
108_7.bmp,94
108_8.bmp,94
108_9.bmp,94
108_10.bmp,94
108_11.bmp,94
108_12.bmp,94
108_13.bmp,94
108_14.bmp,94
108_15.bmp,94
108_16.bmp,94
108_17.bmp,94
108_18.bmp,94
108_19.bmp,94
108_20.bmp,94
108_21.bmp,94
108_22.bmp,94
108_23.bmp,94
108_24.bmp,94
108_25.bmp,94
108_26.bmp,94
108_27.bmp,94
108_28.bmp,94
108_29.bmp,94
108_30.bmp,94
316_1.bmp,95
316_2.bmp,95
316_3.bmp,95
316_4.bmp,95
316_5.bmp,95
316_6.bmp,95
316_7.bmp,95
316_8.bmp,95
316_9.bmp,95
316_10.bmp,95
316_11.bmp,95
316_12.bmp,95
316_13.bmp,95
316_14.bmp,95
316_15.bmp,95
316_16.bmp,95
316_17.bmp,95
316_18.bmp,95
316_19.bmp,95
316_20.bmp,95
316_21.bmp,95
316_22.bmp,95
316_23.bmp,95
316_24.bmp,95
316_25.bmp,95
316_26.bmp,95
316_27.bmp,95
316_28.bmp,95
316_29.bmp,95
316_30.bmp,95
203_1.bmp,96
203_2.bmp,96
203_3.bmp,96
203_4.bmp,96
203_5.bmp,96
203_6.bmp,96
203_7.bmp,96
203_8.bmp,96
203_9.bmp,96
203_10.bmp,96
203_11.bmp,96
203_12.bmp,96
203_13.bmp,96
203_14.bmp,96
203_15.bmp,96
203_16.bmp,96
203_17.bmp,96
203_18.bmp,96
203_19.bmp,96
203_20.bmp,96
203_21.bmp,96
203_22.bmp,96
203_23.bmp,96
203_24.bmp,96
203_25.bmp,96
203_26.bmp,96
203_27.bmp,96
203_28.bmp,96
203_29.bmp,96
203_30.bmp,96
248_1.bmp,97
248_2.bmp,97
248_3.bmp,97
248_4.bmp,97
248_5.bmp,97
248_6.bmp,97
248_7.bmp,97
248_8.bmp,97
248_9.bmp,97
248_10.bmp,97
248_11.bmp,97
248_12.bmp,97
248_13.bmp,97
248_14.bmp,97
248_15.bmp,97
248_16.bmp,97
248_17.bmp,97
248_18.bmp,97
248_19.bmp,97
248_20.bmp,97
248_21.bmp,97
248_22.bmp,97
248_23.bmp,97
248_24.bmp,97
248_25.bmp,97
248_26.bmp,97
248_27.bmp,97
248_28.bmp,97
248_29.bmp,97
248_30.bmp,97
104_1.bmp,98
104_2.bmp,98
104_3.bmp,98
104_4.bmp,98
104_5.bmp,98
104_6.bmp,98
104_7.bmp,98
104_8.bmp,98
104_9.bmp,98
104_10.bmp,98
104_11.bmp,98
104_12.bmp,98
104_13.bmp,98
104_14.bmp,98
104_15.bmp,98
104_16.bmp,98
104_17.bmp,98
104_18.bmp,98
104_19.bmp,98
104_20.bmp,98
104_21.bmp,98
104_22.bmp,98
104_23.bmp,98
104_24.bmp,98
104_25.bmp,98
104_26.bmp,98
104_27.bmp,98
104_28.bmp,98
104_29.bmp,98
104_30.bmp,98
255_1.bmp,99
255_2.bmp,99
255_3.bmp,99
255_4.bmp,99
255_5.bmp,99
255_6.bmp,99
255_7.bmp,99
255_8.bmp,99
255_9.bmp,99
255_10.bmp,99
255_11.bmp,99
255_12.bmp,99
255_13.bmp,99
255_14.bmp,99
255_15.bmp,99
255_16.bmp,99
255_17.bmp,99
255_18.bmp,99
255_19.bmp,99
255_20.bmp,99
255_21.bmp,99
255_22.bmp,99
255_23.bmp,99
255_24.bmp,99
255_25.bmp,99
255_26.bmp,99
255_27.bmp,99
255_28.bmp,99
255_29.bmp,99
255_30.bmp,99
213_1.bmp,100
213_2.bmp,100
213_3.bmp,100
213_4.bmp,100
213_5.bmp,100
213_6.bmp,100
213_7.bmp,100
213_8.bmp,100
213_9.bmp,100
213_10.bmp,100
213_11.bmp,100
213_12.bmp,100
213_13.bmp,100
213_14.bmp,100
213_15.bmp,100
213_16.bmp,100
213_17.bmp,100
213_18.bmp,100
213_19.bmp,100
213_20.bmp,100
213_21.bmp,100
213_22.bmp,100
213_23.bmp,100
213_24.bmp,100
213_25.bmp,100
213_26.bmp,100
213_27.bmp,100
213_28.bmp,100
213_29.bmp,100
213_30.bmp,100
154_1.bmp,101
154_2.bmp,101
154_3.bmp,101
154_4.bmp,101
154_5.bmp,101
154_6.bmp,101
154_7.bmp,101
154_8.bmp,101
154_9.bmp,101
154_10.bmp,101
154_11.bmp,101
154_12.bmp,101
154_13.bmp,101
154_14.bmp,101
154_15.bmp,101
154_16.bmp,101
154_17.bmp,101
154_18.bmp,101
154_19.bmp,101
154_20.bmp,101
154_21.bmp,101
154_22.bmp,101
154_23.bmp,101
154_24.bmp,101
154_25.bmp,101
154_26.bmp,101
154_27.bmp,101
154_28.bmp,101
154_29.bmp,101
154_30.bmp,101
85_1.bmp,102
85_2.bmp,102
85_3.bmp,102
85_4.bmp,102
85_5.bmp,102
85_6.bmp,102
85_7.bmp,102
85_8.bmp,102
85_9.bmp,102
85_10.bmp,102
85_11.bmp,102
85_12.bmp,102
85_13.bmp,102
85_14.bmp,102
85_15.bmp,102
85_16.bmp,102
85_17.bmp,102
85_18.bmp,102
85_19.bmp,102
85_20.bmp,102
85_21.bmp,102
85_22.bmp,102
85_23.bmp,102
85_24.bmp,102
85_25.bmp,102
85_26.bmp,102
85_27.bmp,102
85_28.bmp,102
85_29.bmp,102
85_30.bmp,102
205_1.bmp,103
205_2.bmp,103
205_3.bmp,103
205_4.bmp,103
205_5.bmp,103
205_6.bmp,103
205_7.bmp,103
205_8.bmp,103
205_9.bmp,103
205_10.bmp,103
205_11.bmp,103
205_12.bmp,103
205_13.bmp,103
205_14.bmp,103
205_15.bmp,103
205_16.bmp,103
205_17.bmp,103
205_18.bmp,103
205_19.bmp,103
205_20.bmp,103
205_21.bmp,103
205_22.bmp,103
205_23.bmp,103
205_24.bmp,103
205_25.bmp,103
205_26.bmp,103
205_27.bmp,103
205_28.bmp,103
205_29.bmp,103
205_30.bmp,103
24_1.bmp,104
24_2.bmp,104
24_3.bmp,104
24_4.bmp,104
24_5.bmp,104
24_6.bmp,104
24_7.bmp,104
24_8.bmp,104
24_9.bmp,104
24_10.bmp,104
24_11.bmp,104
24_12.bmp,104
24_13.bmp,104
24_14.bmp,104
24_15.bmp,104
24_16.bmp,104
24_17.bmp,104
24_18.bmp,104
24_19.bmp,104
24_20.bmp,104
24_21.bmp,104
24_22.bmp,104
24_23.bmp,104
24_24.bmp,104
24_25.bmp,104
24_26.bmp,104
24_27.bmp,104
24_28.bmp,104
24_29.bmp,104
24_30.bmp,104
33_1.bmp,105
33_2.bmp,105
33_3.bmp,105
33_4.bmp,105
33_5.bmp,105
33_6.bmp,105
33_7.bmp,105
33_8.bmp,105
33_9.bmp,105
33_10.bmp,105
33_11.bmp,105
33_12.bmp,105
33_13.bmp,105
33_14.bmp,105
33_15.bmp,105
33_16.bmp,105
33_17.bmp,105
33_18.bmp,105
33_19.bmp,105
33_20.bmp,105
33_21.bmp,105
33_22.bmp,105
33_23.bmp,105
33_24.bmp,105
33_25.bmp,105
33_26.bmp,105
33_27.bmp,105
33_28.bmp,105
33_29.bmp,105
33_30.bmp,105
167_1.bmp,106
167_2.bmp,106
167_3.bmp,106
167_4.bmp,106
167_5.bmp,106
167_6.bmp,106
167_7.bmp,106
167_8.bmp,106
167_9.bmp,106
167_10.bmp,106
167_11.bmp,106
167_12.bmp,106
167_13.bmp,106
167_14.bmp,106
167_15.bmp,106
167_16.bmp,106
167_17.bmp,106
167_18.bmp,106
167_19.bmp,106
167_20.bmp,106
167_21.bmp,106
167_22.bmp,106
167_23.bmp,106
167_24.bmp,106
167_25.bmp,106
167_26.bmp,106
167_27.bmp,106
167_28.bmp,106
167_29.bmp,106
167_30.bmp,106
185_1.bmp,107
185_2.bmp,107
185_3.bmp,107
185_4.bmp,107
185_5.bmp,107
185_6.bmp,107
185_7.bmp,107
185_8.bmp,107
185_9.bmp,107
185_10.bmp,107
185_11.bmp,107
185_12.bmp,107
185_13.bmp,107
185_14.bmp,107
185_15.bmp,107
185_16.bmp,107
185_17.bmp,107
185_18.bmp,107
185_19.bmp,107
185_20.bmp,107
185_21.bmp,107
185_22.bmp,107
185_23.bmp,107
185_24.bmp,107
185_25.bmp,107
185_26.bmp,107
185_27.bmp,107
185_28.bmp,107
185_29.bmp,107
185_30.bmp,107
202_1.bmp,108
202_2.bmp,108
202_3.bmp,108
202_4.bmp,108
202_5.bmp,108
202_6.bmp,108
202_7.bmp,108
202_8.bmp,108
202_9.bmp,108
202_10.bmp,108
202_11.bmp,108
202_12.bmp,108
202_13.bmp,108
202_14.bmp,108
202_15.bmp,108
202_16.bmp,108
202_17.bmp,108
202_18.bmp,108
202_19.bmp,108
202_20.bmp,108
202_21.bmp,108
202_22.bmp,108
202_23.bmp,108
202_24.bmp,108
202_25.bmp,108
202_26.bmp,108
202_27.bmp,108
202_28.bmp,108
202_29.bmp,108
202_30.bmp,108
274_1.bmp,109
274_2.bmp,109
274_3.bmp,109
274_4.bmp,109
274_5.bmp,109
274_6.bmp,109
274_7.bmp,109
274_8.bmp,109
274_9.bmp,109
274_10.bmp,109
274_11.bmp,109
274_12.bmp,109
274_13.bmp,109
274_14.bmp,109
274_15.bmp,109
274_16.bmp,109
274_17.bmp,109
274_18.bmp,109
274_19.bmp,109
274_20.bmp,109
274_21.bmp,109
274_22.bmp,109
274_23.bmp,109
274_24.bmp,109
274_25.bmp,109
274_26.bmp,109
274_27.bmp,109
274_28.bmp,109
274_29.bmp,109
274_30.bmp,109
157_1.bmp,110
157_2.bmp,110
157_3.bmp,110
157_4.bmp,110
157_5.bmp,110
157_6.bmp,110
157_7.bmp,110
157_8.bmp,110
157_9.bmp,110
157_10.bmp,110
157_11.bmp,110
157_12.bmp,110
157_13.bmp,110
157_14.bmp,110
157_15.bmp,110
157_16.bmp,110
157_17.bmp,110
157_18.bmp,110
157_19.bmp,110
157_20.bmp,110
157_21.bmp,110
157_22.bmp,110
157_23.bmp,110
157_24.bmp,110
157_25.bmp,110
157_26.bmp,110
157_27.bmp,110
157_28.bmp,110
157_29.bmp,110
157_30.bmp,110
83_1.bmp,111
83_2.bmp,111
83_3.bmp,111
83_4.bmp,111
83_5.bmp,111
83_6.bmp,111
83_7.bmp,111
83_8.bmp,111
83_9.bmp,111
83_10.bmp,111
83_11.bmp,111
83_12.bmp,111
83_13.bmp,111
83_14.bmp,111
83_15.bmp,111
83_16.bmp,111
83_17.bmp,111
83_18.bmp,111
83_19.bmp,111
83_20.bmp,111
83_21.bmp,111
83_22.bmp,111
83_23.bmp,111
83_24.bmp,111
83_25.bmp,111
83_26.bmp,111
83_27.bmp,111
83_28.bmp,111
83_29.bmp,111
83_30.bmp,111
165_1.bmp,112
165_2.bmp,112
165_3.bmp,112
165_4.bmp,112
165_5.bmp,112
165_6.bmp,112
165_7.bmp,112
165_8.bmp,112
165_9.bmp,112
165_10.bmp,112
165_11.bmp,112
165_12.bmp,112
165_13.bmp,112
165_14.bmp,112
165_15.bmp,112
165_16.bmp,112
165_17.bmp,112
165_18.bmp,112
165_19.bmp,112
165_20.bmp,112
165_21.bmp,112
165_22.bmp,112
165_23.bmp,112
165_24.bmp,112
165_25.bmp,112
165_26.bmp,112
165_27.bmp,112
165_28.bmp,112
165_29.bmp,112
165_30.bmp,112
324_1.bmp,113
324_2.bmp,113
324_3.bmp,113
324_4.bmp,113
324_5.bmp,113
324_6.bmp,113
324_7.bmp,113
324_8.bmp,113
324_9.bmp,113
324_10.bmp,113
324_11.bmp,113
324_12.bmp,113
324_13.bmp,113
324_14.bmp,113
324_15.bmp,113
324_16.bmp,113
324_17.bmp,113
324_18.bmp,113
324_19.bmp,113
324_20.bmp,113
324_21.bmp,113
324_22.bmp,113
324_23.bmp,113
324_24.bmp,113
324_25.bmp,113
324_26.bmp,113
324_27.bmp,113
324_28.bmp,113
324_29.bmp,113
324_30.bmp,113
112_1.bmp,114
112_2.bmp,114
112_3.bmp,114
112_4.bmp,114
112_5.bmp,114
112_6.bmp,114
112_7.bmp,114
112_8.bmp,114
112_9.bmp,114
112_10.bmp,114
112_11.bmp,114
112_12.bmp,114
112_13.bmp,114
112_14.bmp,114
112_15.bmp,114
112_16.bmp,114
112_17.bmp,114
112_18.bmp,114
112_19.bmp,114
112_20.bmp,114
112_21.bmp,114
112_22.bmp,114
112_23.bmp,114
112_24.bmp,114
112_25.bmp,114
112_26.bmp,114
112_27.bmp,114
112_28.bmp,114
112_29.bmp,114
112_30.bmp,114
29_1.bmp,115
29_2.bmp,115
29_3.bmp,115
29_4.bmp,115
29_5.bmp,115
29_6.bmp,115
29_7.bmp,115
29_8.bmp,115
29_9.bmp,115
29_10.bmp,115
29_11.bmp,115
29_12.bmp,115
29_13.bmp,115
29_14.bmp,115
29_15.bmp,115
29_16.bmp,115
29_17.bmp,115
29_18.bmp,115
29_19.bmp,115
29_20.bmp,115
29_21.bmp,115
29_22.bmp,115
29_23.bmp,115
29_24.bmp,115
29_25.bmp,115
29_26.bmp,115
29_27.bmp,115
29_28.bmp,115
29_29.bmp,115
29_30.bmp,115
297_1.bmp,116
297_2.bmp,116
297_3.bmp,116
297_4.bmp,116
297_5.bmp,116
297_6.bmp,116
297_7.bmp,116
297_8.bmp,116
297_9.bmp,116
297_10.bmp,116
297_11.bmp,116
297_12.bmp,116
297_13.bmp,116
297_14.bmp,116
297_15.bmp,116
297_16.bmp,116
297_17.bmp,116
297_18.bmp,116
297_19.bmp,116
297_20.bmp,116
297_21.bmp,116
297_22.bmp,116
297_23.bmp,116
297_24.bmp,116
297_25.bmp,116
297_26.bmp,116
297_27.bmp,116
297_28.bmp,116
297_29.bmp,116
297_30.bmp,116
14_1.bmp,117
14_2.bmp,117
14_3.bmp,117
14_4.bmp,117
14_5.bmp,117
14_6.bmp,117
14_7.bmp,117
14_8.bmp,117
14_9.bmp,117
14_10.bmp,117
14_11.bmp,117
14_12.bmp,117
14_13.bmp,117
14_14.bmp,117
14_15.bmp,117
14_16.bmp,117
14_17.bmp,117
14_18.bmp,117
14_19.bmp,117
14_20.bmp,117
14_21.bmp,117
14_22.bmp,117
14_23.bmp,117
14_24.bmp,117
14_25.bmp,117
14_26.bmp,117
14_27.bmp,117
14_28.bmp,117
14_29.bmp,117
14_30.bmp,117
89_1.bmp,118
89_2.bmp,118
89_3.bmp,118
89_4.bmp,118
89_5.bmp,118
89_6.bmp,118
89_7.bmp,118
89_8.bmp,118
89_9.bmp,118
89_10.bmp,118
89_11.bmp,118
89_12.bmp,118
89_13.bmp,118
89_14.bmp,118
89_15.bmp,118
89_16.bmp,118
89_17.bmp,118
89_18.bmp,118
89_19.bmp,118
89_20.bmp,118
89_21.bmp,118
89_22.bmp,118
89_23.bmp,118
89_24.bmp,118
89_25.bmp,118
89_26.bmp,118
89_27.bmp,118
89_28.bmp,118
89_29.bmp,118
89_30.bmp,118
70_1.bmp,119
70_2.bmp,119
70_3.bmp,119
70_4.bmp,119
70_5.bmp,119
70_6.bmp,119
70_7.bmp,119
70_8.bmp,119
70_9.bmp,119
70_10.bmp,119
70_11.bmp,119
70_12.bmp,119
70_13.bmp,119
70_14.bmp,119
70_15.bmp,119
70_16.bmp,119
70_17.bmp,119
70_18.bmp,119
70_19.bmp,119
70_20.bmp,119
70_21.bmp,119
70_22.bmp,119
70_23.bmp,119
70_24.bmp,119
70_25.bmp,119
70_26.bmp,119
70_27.bmp,119
70_28.bmp,119
70_29.bmp,119
70_30.bmp,119
337_1.bmp,120
337_2.bmp,120
337_3.bmp,120
337_4.bmp,120
337_5.bmp,120
337_6.bmp,120
337_7.bmp,120
337_8.bmp,120
337_9.bmp,120
337_10.bmp,120
337_11.bmp,120
337_12.bmp,120
337_13.bmp,120
337_14.bmp,120
337_15.bmp,120
337_16.bmp,120
337_17.bmp,120
337_18.bmp,120
337_19.bmp,120
337_20.bmp,120
337_21.bmp,120
337_22.bmp,120
337_23.bmp,120
337_24.bmp,120
337_25.bmp,120
337_26.bmp,120
337_27.bmp,120
337_28.bmp,120
337_29.bmp,120
337_30.bmp,120
76_1.bmp,121
76_2.bmp,121
76_3.bmp,121
76_4.bmp,121
76_5.bmp,121
76_6.bmp,121
76_7.bmp,121
76_8.bmp,121
76_9.bmp,121
76_10.bmp,121
76_11.bmp,121
76_12.bmp,121
76_13.bmp,121
76_14.bmp,121
76_15.bmp,121
76_16.bmp,121
76_17.bmp,121
76_18.bmp,121
76_19.bmp,121
76_20.bmp,121
76_21.bmp,121
76_22.bmp,121
76_23.bmp,121
76_24.bmp,121
76_25.bmp,121
76_26.bmp,121
76_27.bmp,121
76_28.bmp,121
76_29.bmp,121
76_30.bmp,121
318_1.bmp,122
318_2.bmp,122
318_3.bmp,122
318_4.bmp,122
318_5.bmp,122
318_6.bmp,122
318_7.bmp,122
318_8.bmp,122
318_9.bmp,122
318_10.bmp,122
318_11.bmp,122
318_12.bmp,122
318_13.bmp,122
318_14.bmp,122
318_15.bmp,122
318_16.bmp,122
318_17.bmp,122
318_18.bmp,122
318_19.bmp,122
318_20.bmp,122
318_21.bmp,122
318_22.bmp,122
318_23.bmp,122
318_24.bmp,122
318_25.bmp,122
318_26.bmp,122
318_27.bmp,122
318_28.bmp,122
318_29.bmp,122
318_30.bmp,122
147_1.bmp,123
147_2.bmp,123
147_3.bmp,123
147_4.bmp,123
147_5.bmp,123
147_6.bmp,123
147_7.bmp,123
147_8.bmp,123
147_9.bmp,123
147_10.bmp,123
147_11.bmp,123
147_12.bmp,123
147_13.bmp,123
147_14.bmp,123
147_15.bmp,123
147_16.bmp,123
147_17.bmp,123
147_18.bmp,123
147_19.bmp,123
147_20.bmp,123
147_21.bmp,123
147_22.bmp,123
147_23.bmp,123
147_24.bmp,123
147_25.bmp,123
147_26.bmp,123
147_27.bmp,123
147_28.bmp,123
147_29.bmp,123
147_30.bmp,123
250_1.bmp,124
250_2.bmp,124
250_3.bmp,124
250_4.bmp,124
250_5.bmp,124
250_6.bmp,124
250_7.bmp,124
250_8.bmp,124
250_9.bmp,124
250_10.bmp,124
250_11.bmp,124
250_12.bmp,124
250_13.bmp,124
250_14.bmp,124
250_15.bmp,124
250_16.bmp,124
250_17.bmp,124
250_18.bmp,124
250_19.bmp,124
250_20.bmp,124
250_21.bmp,124
250_22.bmp,124
250_23.bmp,124
250_24.bmp,124
250_25.bmp,124
250_26.bmp,124
250_27.bmp,124
250_28.bmp,124
250_29.bmp,124
250_30.bmp,124
107_1.bmp,125
107_2.bmp,125
107_3.bmp,125
107_4.bmp,125
107_5.bmp,125
107_6.bmp,125
107_7.bmp,125
107_8.bmp,125
107_9.bmp,125
107_10.bmp,125
107_11.bmp,125
107_12.bmp,125
107_13.bmp,125
107_14.bmp,125
107_15.bmp,125
107_16.bmp,125
107_17.bmp,125
107_18.bmp,125
107_19.bmp,125
107_20.bmp,125
107_21.bmp,125
107_22.bmp,125
107_23.bmp,125
107_24.bmp,125
107_25.bmp,125
107_26.bmp,125
107_27.bmp,125
107_28.bmp,125
107_29.bmp,125
107_30.bmp,125
126_1.bmp,126
126_2.bmp,126
126_3.bmp,126
126_4.bmp,126
126_5.bmp,126
126_6.bmp,126
126_7.bmp,126
126_8.bmp,126
126_9.bmp,126
126_10.bmp,126
126_11.bmp,126
126_12.bmp,126
126_13.bmp,126
126_14.bmp,126
126_15.bmp,126
126_16.bmp,126
126_17.bmp,126
126_18.bmp,126
126_19.bmp,126
126_20.bmp,126
126_21.bmp,126
126_22.bmp,126
126_23.bmp,126
126_24.bmp,126
126_25.bmp,126
126_26.bmp,126
126_27.bmp,126
126_28.bmp,126
126_29.bmp,126
126_30.bmp,126
291_1.bmp,127
291_2.bmp,127
291_3.bmp,127
291_4.bmp,127
291_5.bmp,127
291_6.bmp,127
291_7.bmp,127
291_8.bmp,127
291_9.bmp,127
291_10.bmp,127
291_11.bmp,127
291_12.bmp,127
291_13.bmp,127
291_14.bmp,127
291_15.bmp,127
291_16.bmp,127
291_17.bmp,127
291_18.bmp,127
291_19.bmp,127
291_20.bmp,127
291_21.bmp,127
291_22.bmp,127
291_23.bmp,127
291_24.bmp,127
291_25.bmp,127
291_26.bmp,127
291_27.bmp,127
291_28.bmp,127
291_29.bmp,127
291_30.bmp,127
218_1.bmp,128
218_2.bmp,128
218_3.bmp,128
218_4.bmp,128
218_5.bmp,128
218_6.bmp,128
218_7.bmp,128
218_8.bmp,128
218_9.bmp,128
218_10.bmp,128
218_11.bmp,128
218_12.bmp,128
218_13.bmp,128
218_14.bmp,128
218_15.bmp,128
218_16.bmp,128
218_17.bmp,128
218_18.bmp,128
218_19.bmp,128
218_20.bmp,128
218_21.bmp,128
218_22.bmp,128
218_23.bmp,128
218_24.bmp,128
218_25.bmp,128
218_26.bmp,128
218_27.bmp,128
218_28.bmp,128
218_29.bmp,128
218_30.bmp,128
41_1.bmp,129
41_2.bmp,129
41_3.bmp,129
41_4.bmp,129
41_5.bmp,129
41_6.bmp,129
41_7.bmp,129
41_8.bmp,129
41_9.bmp,129
41_10.bmp,129
41_11.bmp,129
41_12.bmp,129
41_13.bmp,129
41_14.bmp,129
41_15.bmp,129
41_16.bmp,129
41_17.bmp,129
41_18.bmp,129
41_19.bmp,129
41_20.bmp,129
41_21.bmp,129
41_22.bmp,129
41_23.bmp,129
41_24.bmp,129
41_25.bmp,129
41_26.bmp,129
41_27.bmp,129
41_28.bmp,129
41_29.bmp,129
41_30.bmp,129
231_1.bmp,130
231_2.bmp,130
231_3.bmp,130
231_4.bmp,130
231_5.bmp,130
231_6.bmp,130
231_7.bmp,130
231_8.bmp,130
231_9.bmp,130
231_10.bmp,130
231_11.bmp,130
231_12.bmp,130
231_13.bmp,130
231_14.bmp,130
231_15.bmp,130
231_16.bmp,130
231_17.bmp,130
231_18.bmp,130
231_19.bmp,130
231_20.bmp,130
231_21.bmp,130
231_22.bmp,130
231_23.bmp,130
231_24.bmp,130
231_25.bmp,130
231_26.bmp,130
231_27.bmp,130
231_28.bmp,130
231_29.bmp,130
231_30.bmp,130
264_1.bmp,131
264_2.bmp,131
264_3.bmp,131
264_4.bmp,131
264_5.bmp,131
264_6.bmp,131
264_7.bmp,131
264_8.bmp,131
264_9.bmp,131
264_10.bmp,131
264_11.bmp,131
264_12.bmp,131
264_13.bmp,131
264_14.bmp,131
264_15.bmp,131
264_16.bmp,131
264_17.bmp,131
264_18.bmp,131
264_19.bmp,131
264_20.bmp,131
264_21.bmp,131
264_22.bmp,131
264_23.bmp,131
264_24.bmp,131
264_25.bmp,131
264_26.bmp,131
264_27.bmp,131
264_28.bmp,131
264_29.bmp,131
264_30.bmp,131
309_1.bmp,132
309_2.bmp,132
309_3.bmp,132
309_4.bmp,132
309_5.bmp,132
309_6.bmp,132
309_7.bmp,132
309_8.bmp,132
309_9.bmp,132
309_10.bmp,132
309_11.bmp,132
309_12.bmp,132
309_13.bmp,132
309_14.bmp,132
309_15.bmp,132
309_16.bmp,132
309_17.bmp,132
309_18.bmp,132
309_19.bmp,132
309_20.bmp,132
309_21.bmp,132
309_22.bmp,132
309_23.bmp,132
309_24.bmp,132
309_25.bmp,132
309_26.bmp,132
309_27.bmp,132
309_28.bmp,132
309_29.bmp,132
309_30.bmp,132
194_1.bmp,133
194_2.bmp,133
194_3.bmp,133
194_4.bmp,133
194_5.bmp,133
194_6.bmp,133
194_7.bmp,133
194_8.bmp,133
194_9.bmp,133
194_10.bmp,133
194_11.bmp,133
194_12.bmp,133
194_13.bmp,133
194_14.bmp,133
194_15.bmp,133
194_16.bmp,133
194_17.bmp,133
194_18.bmp,133
194_19.bmp,133
194_20.bmp,133
194_21.bmp,133
194_22.bmp,133
194_23.bmp,133
194_24.bmp,133
194_25.bmp,133
194_26.bmp,133
194_27.bmp,133
194_28.bmp,133
194_29.bmp,133
194_30.bmp,133
60_1.bmp,134
60_2.bmp,134
60_3.bmp,134
60_4.bmp,134
60_5.bmp,134
60_6.bmp,134
60_7.bmp,134
60_8.bmp,134
60_9.bmp,134
60_10.bmp,134
60_11.bmp,134
60_12.bmp,134
60_13.bmp,134
60_14.bmp,134
60_15.bmp,134
60_16.bmp,134
60_17.bmp,134
60_18.bmp,134
60_19.bmp,134
60_20.bmp,134
60_21.bmp,134
60_22.bmp,134
60_23.bmp,134
60_24.bmp,134
60_25.bmp,134
60_26.bmp,134
60_27.bmp,134
60_28.bmp,134
60_29.bmp,134
60_30.bmp,134
272_1.bmp,135
272_2.bmp,135
272_3.bmp,135
272_4.bmp,135
272_5.bmp,135
272_6.bmp,135
272_7.bmp,135
272_8.bmp,135
272_9.bmp,135
272_10.bmp,135
272_11.bmp,135
272_12.bmp,135
272_13.bmp,135
272_14.bmp,135
272_15.bmp,135
272_16.bmp,135
272_17.bmp,135
272_18.bmp,135
272_19.bmp,135
272_20.bmp,135
272_21.bmp,135
272_22.bmp,135
272_23.bmp,135
272_24.bmp,135
272_25.bmp,135
272_26.bmp,135
272_27.bmp,135
272_28.bmp,135
272_29.bmp,135
272_30.bmp,135
226_1.bmp,136
226_2.bmp,136
226_3.bmp,136
226_4.bmp,136
226_5.bmp,136
226_6.bmp,136
226_7.bmp,136
226_8.bmp,136
226_9.bmp,136
226_10.bmp,136
226_11.bmp,136
226_12.bmp,136
226_13.bmp,136
226_14.bmp,136
226_15.bmp,136
226_16.bmp,136
226_17.bmp,136
226_18.bmp,136
226_19.bmp,136
226_20.bmp,136
226_21.bmp,136
226_22.bmp,136
226_23.bmp,136
226_24.bmp,136
226_25.bmp,136
226_26.bmp,136
226_27.bmp,136
226_28.bmp,136
226_29.bmp,136
226_30.bmp,136
46_1.bmp,137
46_2.bmp,137
46_3.bmp,137
46_4.bmp,137
46_5.bmp,137
46_6.bmp,137
46_7.bmp,137
46_8.bmp,137
46_9.bmp,137
46_10.bmp,137
46_11.bmp,137
46_12.bmp,137
46_13.bmp,137
46_14.bmp,137
46_15.bmp,137
46_16.bmp,137
46_17.bmp,137
46_18.bmp,137
46_19.bmp,137
46_20.bmp,137
46_21.bmp,137
46_22.bmp,137
46_23.bmp,137
46_24.bmp,137
46_25.bmp,137
46_26.bmp,137
46_27.bmp,137
46_28.bmp,137
46_29.bmp,137
46_30.bmp,137
211_1.bmp,138
211_2.bmp,138
211_3.bmp,138
211_4.bmp,138
211_5.bmp,138
211_6.bmp,138
211_7.bmp,138
211_8.bmp,138
211_9.bmp,138
211_10.bmp,138
211_11.bmp,138
211_12.bmp,138
211_13.bmp,138
211_14.bmp,138
211_15.bmp,138
211_16.bmp,138
211_17.bmp,138
211_18.bmp,138
211_19.bmp,138
211_20.bmp,138
211_21.bmp,138
211_22.bmp,138
211_23.bmp,138
211_24.bmp,138
211_25.bmp,138
211_26.bmp,138
211_27.bmp,138
211_28.bmp,138
211_29.bmp,138
211_30.bmp,138
243_1.bmp,139
243_2.bmp,139
243_3.bmp,139
243_4.bmp,139
243_5.bmp,139
243_6.bmp,139
243_7.bmp,139
243_8.bmp,139
243_9.bmp,139
243_10.bmp,139
243_11.bmp,139
243_12.bmp,139
243_13.bmp,139
243_14.bmp,139
243_15.bmp,139
243_16.bmp,139
243_17.bmp,139
243_18.bmp,139
243_19.bmp,139
243_20.bmp,139
243_21.bmp,139
243_22.bmp,139
243_23.bmp,139
243_24.bmp,139
243_25.bmp,139
243_26.bmp,139
243_27.bmp,139
243_28.bmp,139
243_29.bmp,139
243_30.bmp,139
68_1.bmp,140
68_2.bmp,140
68_3.bmp,140
68_4.bmp,140
68_5.bmp,140
68_6.bmp,140
68_7.bmp,140
68_8.bmp,140
68_9.bmp,140
68_10.bmp,140
68_11.bmp,140
68_12.bmp,140
68_13.bmp,140
68_14.bmp,140
68_15.bmp,140
68_16.bmp,140
68_17.bmp,140
68_18.bmp,140
68_19.bmp,140
68_20.bmp,140
68_21.bmp,140
68_22.bmp,140
68_23.bmp,140
68_24.bmp,140
68_25.bmp,140
68_26.bmp,140
68_27.bmp,140
68_28.bmp,140
68_29.bmp,140
68_30.bmp,140
139_1.bmp,141
139_2.bmp,141
139_3.bmp,141
139_4.bmp,141
139_5.bmp,141
139_6.bmp,141
139_7.bmp,141
139_8.bmp,141
139_9.bmp,141
139_10.bmp,141
139_11.bmp,141
139_12.bmp,141
139_13.bmp,141
139_14.bmp,141
139_15.bmp,141
139_16.bmp,141
139_17.bmp,141
139_18.bmp,141
139_19.bmp,141
139_20.bmp,141
139_21.bmp,141
139_22.bmp,141
139_23.bmp,141
139_24.bmp,141
139_25.bmp,141
139_26.bmp,141
139_27.bmp,141
139_28.bmp,141
139_29.bmp,141
139_30.bmp,141
261_1.bmp,142
261_2.bmp,142
261_3.bmp,142
261_4.bmp,142
261_5.bmp,142
261_6.bmp,142
261_7.bmp,142
261_8.bmp,142
261_9.bmp,142
261_10.bmp,142
261_11.bmp,142
261_12.bmp,142
261_13.bmp,142
261_14.bmp,142
261_15.bmp,142
261_16.bmp,142
261_17.bmp,142
261_18.bmp,142
261_19.bmp,142
261_20.bmp,142
261_21.bmp,142
261_22.bmp,142
261_23.bmp,142
261_24.bmp,142
261_25.bmp,142
261_26.bmp,142
261_27.bmp,142
261_28.bmp,142
261_29.bmp,142
261_30.bmp,142
101_1.bmp,143
101_2.bmp,143
101_3.bmp,143
101_4.bmp,143
101_5.bmp,143
101_6.bmp,143
101_7.bmp,143
101_8.bmp,143
101_9.bmp,143
101_10.bmp,143
101_11.bmp,143
101_12.bmp,143
101_13.bmp,143
101_14.bmp,143
101_15.bmp,143
101_16.bmp,143
101_17.bmp,143
101_18.bmp,143
101_19.bmp,143
101_20.bmp,143
101_21.bmp,143
101_22.bmp,143
101_23.bmp,143
101_24.bmp,143
101_25.bmp,143
101_26.bmp,143
101_27.bmp,143
101_28.bmp,143
101_29.bmp,143
101_30.bmp,143
227_1.bmp,144
227_2.bmp,144
227_3.bmp,144
227_4.bmp,144
227_5.bmp,144
227_6.bmp,144
227_7.bmp,144
227_8.bmp,144
227_9.bmp,144
227_10.bmp,144
227_11.bmp,144
227_12.bmp,144
227_13.bmp,144
227_14.bmp,144
227_15.bmp,144
227_16.bmp,144
227_17.bmp,144
227_18.bmp,144
227_19.bmp,144
227_20.bmp,144
227_21.bmp,144
227_22.bmp,144
227_23.bmp,144
227_24.bmp,144
227_25.bmp,144
227_26.bmp,144
227_27.bmp,144
227_28.bmp,144
227_29.bmp,144
227_30.bmp,144
142_1.bmp,145
142_2.bmp,145
142_3.bmp,145
142_4.bmp,145
142_5.bmp,145
142_6.bmp,145
142_7.bmp,145
142_8.bmp,145
142_9.bmp,145
142_10.bmp,145
142_11.bmp,145
142_12.bmp,145
142_13.bmp,145
142_14.bmp,145
142_15.bmp,145
142_16.bmp,145
142_17.bmp,145
142_18.bmp,145
142_19.bmp,145
142_20.bmp,145
142_21.bmp,145
142_22.bmp,145
142_23.bmp,145
142_24.bmp,145
142_25.bmp,145
142_26.bmp,145
142_27.bmp,145
142_28.bmp,145
142_29.bmp,145
142_30.bmp,145
191_1.bmp,146
191_2.bmp,146
191_3.bmp,146
191_4.bmp,146
191_5.bmp,146
191_6.bmp,146
191_7.bmp,146
191_8.bmp,146
191_9.bmp,146
191_10.bmp,146
191_11.bmp,146
191_12.bmp,146
191_13.bmp,146
191_14.bmp,146
191_15.bmp,146
191_16.bmp,146
191_17.bmp,146
191_18.bmp,146
191_19.bmp,146
191_20.bmp,146
191_21.bmp,146
191_22.bmp,146
191_23.bmp,146
191_24.bmp,146
191_25.bmp,146
191_26.bmp,146
191_27.bmp,146
191_28.bmp,146
191_29.bmp,146
191_30.bmp,146
25_1.bmp,147
25_2.bmp,147
25_3.bmp,147
25_4.bmp,147
25_5.bmp,147
25_6.bmp,147
25_7.bmp,147
25_8.bmp,147
25_9.bmp,147
25_10.bmp,147
25_11.bmp,147
25_12.bmp,147
25_13.bmp,147
25_14.bmp,147
25_15.bmp,147
25_16.bmp,147
25_17.bmp,147
25_18.bmp,147
25_19.bmp,147
25_20.bmp,147
25_21.bmp,147
25_22.bmp,147
25_23.bmp,147
25_24.bmp,147
25_25.bmp,147
25_26.bmp,147
25_27.bmp,147
25_28.bmp,147
25_29.bmp,147
25_30.bmp,147
81_1.bmp,148
81_2.bmp,148
81_3.bmp,148
81_4.bmp,148
81_5.bmp,148
81_6.bmp,148
81_7.bmp,148
81_8.bmp,148
81_9.bmp,148
81_10.bmp,148
81_11.bmp,148
81_12.bmp,148
81_13.bmp,148
81_14.bmp,148
81_15.bmp,148
81_16.bmp,148
81_17.bmp,148
81_18.bmp,148
81_19.bmp,148
81_20.bmp,148
81_21.bmp,148
81_22.bmp,148
81_23.bmp,148
81_24.bmp,148
81_25.bmp,148
81_26.bmp,148
81_27.bmp,148
81_28.bmp,148
81_29.bmp,148
81_30.bmp,148
267_1.bmp,149
267_2.bmp,149
267_3.bmp,149
267_4.bmp,149
267_5.bmp,149
267_6.bmp,149
267_7.bmp,149
267_8.bmp,149
267_9.bmp,149
267_10.bmp,149
267_11.bmp,149
267_12.bmp,149
267_13.bmp,149
267_14.bmp,149
267_15.bmp,149
267_16.bmp,149
267_17.bmp,149
267_18.bmp,149
267_19.bmp,149
267_20.bmp,149
267_21.bmp,149
267_22.bmp,149
267_23.bmp,149
267_24.bmp,149
267_25.bmp,149
267_26.bmp,149
267_27.bmp,149
267_28.bmp,149
267_29.bmp,149
267_30.bmp,149
252_1.bmp,150
252_2.bmp,150
252_3.bmp,150
252_4.bmp,150
252_5.bmp,150
252_6.bmp,150
252_7.bmp,150
252_8.bmp,150
252_9.bmp,150
252_10.bmp,150
252_11.bmp,150
252_12.bmp,150
252_13.bmp,150
252_14.bmp,150
252_15.bmp,150
252_16.bmp,150
252_17.bmp,150
252_18.bmp,150
252_19.bmp,150
252_20.bmp,150
252_21.bmp,150
252_22.bmp,150
252_23.bmp,150
252_24.bmp,150
252_25.bmp,150
252_26.bmp,150
252_27.bmp,150
252_28.bmp,150
252_29.bmp,150
252_30.bmp,150
322_1.bmp,151
322_2.bmp,151
322_3.bmp,151
322_4.bmp,151
322_5.bmp,151
322_6.bmp,151
322_7.bmp,151
322_8.bmp,151
322_9.bmp,151
322_10.bmp,151
322_11.bmp,151
322_12.bmp,151
322_13.bmp,151
322_14.bmp,151
322_15.bmp,151
322_16.bmp,151
322_17.bmp,151
322_18.bmp,151
322_19.bmp,151
322_20.bmp,151
322_21.bmp,151
322_22.bmp,151
322_23.bmp,151
322_24.bmp,151
322_25.bmp,151
322_26.bmp,151
322_27.bmp,151
322_28.bmp,151
322_29.bmp,151
322_30.bmp,151
223_1.bmp,152
223_2.bmp,152
223_3.bmp,152
223_4.bmp,152
223_5.bmp,152
223_6.bmp,152
223_7.bmp,152
223_8.bmp,152
223_9.bmp,152
223_10.bmp,152
223_11.bmp,152
223_12.bmp,152
223_13.bmp,152
223_14.bmp,152
223_15.bmp,152
223_16.bmp,152
223_17.bmp,152
223_18.bmp,152
223_19.bmp,152
223_20.bmp,152
223_21.bmp,152
223_22.bmp,152
223_23.bmp,152
223_24.bmp,152
223_25.bmp,152
223_26.bmp,152
223_27.bmp,152
223_28.bmp,152
223_29.bmp,152
223_30.bmp,152
177_1.bmp,153
177_2.bmp,153
177_3.bmp,153
177_4.bmp,153
177_5.bmp,153
177_6.bmp,153
177_7.bmp,153
177_8.bmp,153
177_9.bmp,153
177_10.bmp,153
177_11.bmp,153
177_12.bmp,153
177_13.bmp,153
177_14.bmp,153
177_15.bmp,153
177_16.bmp,153
177_17.bmp,153
177_18.bmp,153
177_19.bmp,153
177_20.bmp,153
177_21.bmp,153
177_22.bmp,153
177_23.bmp,153
177_24.bmp,153
177_25.bmp,153
177_26.bmp,153
177_27.bmp,153
177_28.bmp,153
177_29.bmp,153
177_30.bmp,153
232_1.bmp,154
232_2.bmp,154
232_3.bmp,154
232_4.bmp,154
232_5.bmp,154
232_6.bmp,154
232_7.bmp,154
232_8.bmp,154
232_9.bmp,154
232_10.bmp,154
232_11.bmp,154
232_12.bmp,154
232_13.bmp,154
232_14.bmp,154
232_15.bmp,154
232_16.bmp,154
232_17.bmp,154
232_18.bmp,154
232_19.bmp,154
232_20.bmp,154
232_21.bmp,154
232_22.bmp,154
232_23.bmp,154
232_24.bmp,154
232_25.bmp,154
232_26.bmp,154
232_27.bmp,154
232_28.bmp,154
232_29.bmp,154
232_30.bmp,154
200_1.bmp,155
200_2.bmp,155
200_3.bmp,155
200_4.bmp,155
200_5.bmp,155
200_6.bmp,155
200_7.bmp,155
200_8.bmp,155
200_9.bmp,155
200_10.bmp,155
200_11.bmp,155
200_12.bmp,155
200_13.bmp,155
200_14.bmp,155
200_15.bmp,155
200_16.bmp,155
200_17.bmp,155
200_18.bmp,155
200_19.bmp,155
200_20.bmp,155
200_21.bmp,155
200_22.bmp,155
200_23.bmp,155
200_24.bmp,155
200_25.bmp,155
200_26.bmp,155
200_27.bmp,155
200_28.bmp,155
200_29.bmp,155
200_30.bmp,155
192_1.bmp,156
192_2.bmp,156
192_3.bmp,156
192_4.bmp,156
192_5.bmp,156
192_6.bmp,156
192_7.bmp,156
192_8.bmp,156
192_9.bmp,156
192_10.bmp,156
192_11.bmp,156
192_12.bmp,156
192_13.bmp,156
192_14.bmp,156
192_15.bmp,156
192_16.bmp,156
192_17.bmp,156
192_18.bmp,156
192_19.bmp,156
192_20.bmp,156
192_21.bmp,156
192_22.bmp,156
192_23.bmp,156
192_24.bmp,156
192_25.bmp,156
192_26.bmp,156
192_27.bmp,156
192_28.bmp,156
192_29.bmp,156
192_30.bmp,156
214_1.bmp,157
214_2.bmp,157
214_3.bmp,157
214_4.bmp,157
214_5.bmp,157
214_6.bmp,157
214_7.bmp,157
214_8.bmp,157
214_9.bmp,157
214_10.bmp,157
214_11.bmp,157
214_12.bmp,157
214_13.bmp,157
214_14.bmp,157
214_15.bmp,157
214_16.bmp,157
214_17.bmp,157
214_18.bmp,157
214_19.bmp,157
214_20.bmp,157
214_21.bmp,157
214_22.bmp,157
214_23.bmp,157
214_24.bmp,157
214_25.bmp,157
214_26.bmp,157
214_27.bmp,157
214_28.bmp,157
214_29.bmp,157
214_30.bmp,157
186_1.bmp,158
186_2.bmp,158
186_3.bmp,158
186_4.bmp,158
186_5.bmp,158
186_6.bmp,158
186_7.bmp,158
186_8.bmp,158
186_9.bmp,158
186_10.bmp,158
186_11.bmp,158
186_12.bmp,158
186_13.bmp,158
186_14.bmp,158
186_15.bmp,158
186_16.bmp,158
186_17.bmp,158
186_18.bmp,158
186_19.bmp,158
186_20.bmp,158
186_21.bmp,158
186_22.bmp,158
186_23.bmp,158
186_24.bmp,158
186_25.bmp,158
186_26.bmp,158
186_27.bmp,158
186_28.bmp,158
186_29.bmp,158
186_30.bmp,158
234_1.bmp,159
234_2.bmp,159
234_3.bmp,159
234_4.bmp,159
234_5.bmp,159
234_6.bmp,159
234_7.bmp,159
234_8.bmp,159
234_9.bmp,159
234_10.bmp,159
234_11.bmp,159
234_12.bmp,159
234_13.bmp,159
234_14.bmp,159
234_15.bmp,159
234_16.bmp,159
234_17.bmp,159
234_18.bmp,159
234_19.bmp,159
234_20.bmp,159
234_21.bmp,159
234_22.bmp,159
234_23.bmp,159
234_24.bmp,159
234_25.bmp,159
234_26.bmp,159
234_27.bmp,159
234_28.bmp,159
234_29.bmp,159
234_30.bmp,159
171_1.bmp,160
171_2.bmp,160
171_3.bmp,160
171_4.bmp,160
171_5.bmp,160
171_6.bmp,160
171_7.bmp,160
171_8.bmp,160
171_9.bmp,160
171_10.bmp,160
171_11.bmp,160
171_12.bmp,160
171_13.bmp,160
171_14.bmp,160
171_15.bmp,160
171_16.bmp,160
171_17.bmp,160
171_18.bmp,160
171_19.bmp,160
171_20.bmp,160
171_21.bmp,160
171_22.bmp,160
171_23.bmp,160
171_24.bmp,160
171_25.bmp,160
171_26.bmp,160
171_27.bmp,160
171_28.bmp,160
171_29.bmp,160
171_30.bmp,160
244_1.bmp,161
244_2.bmp,161
244_3.bmp,161
244_4.bmp,161
244_5.bmp,161
244_6.bmp,161
244_7.bmp,161
244_8.bmp,161
244_9.bmp,161
244_10.bmp,161
244_11.bmp,161
244_12.bmp,161
244_13.bmp,161
244_14.bmp,161
244_15.bmp,161
244_16.bmp,161
244_17.bmp,161
244_18.bmp,161
244_19.bmp,161
244_20.bmp,161
244_21.bmp,161
244_22.bmp,161
244_23.bmp,161
244_24.bmp,161
244_25.bmp,161
244_26.bmp,161
244_27.bmp,161
244_28.bmp,161
244_29.bmp,161
244_30.bmp,161
149_1.bmp,162
149_2.bmp,162
149_3.bmp,162
149_4.bmp,162
149_5.bmp,162
149_6.bmp,162
149_7.bmp,162
149_8.bmp,162
149_9.bmp,162
149_10.bmp,162
149_11.bmp,162
149_12.bmp,162
149_13.bmp,162
149_14.bmp,162
149_15.bmp,162
149_16.bmp,162
149_17.bmp,162
149_18.bmp,162
149_19.bmp,162
149_20.bmp,162
149_21.bmp,162
149_22.bmp,162
149_23.bmp,162
149_24.bmp,162
149_25.bmp,162
149_26.bmp,162
149_27.bmp,162
149_28.bmp,162
149_29.bmp,162
149_30.bmp,162
47_1.bmp,163
47_2.bmp,163
47_3.bmp,163
47_4.bmp,163
47_5.bmp,163
47_6.bmp,163
47_7.bmp,163
47_8.bmp,163
47_9.bmp,163
47_10.bmp,163
47_11.bmp,163
47_12.bmp,163
47_13.bmp,163
47_14.bmp,163
47_15.bmp,163
47_16.bmp,163
47_17.bmp,163
47_18.bmp,163
47_19.bmp,163
47_20.bmp,163
47_21.bmp,163
47_22.bmp,163
47_23.bmp,163
47_24.bmp,163
47_25.bmp,163
47_26.bmp,163
47_27.bmp,163
47_28.bmp,163
47_29.bmp,163
47_30.bmp,163
275_1.bmp,164
275_2.bmp,164
275_3.bmp,164
275_4.bmp,164
275_5.bmp,164
275_6.bmp,164
275_7.bmp,164
275_8.bmp,164
275_9.bmp,164
275_10.bmp,164
275_11.bmp,164
275_12.bmp,164
275_13.bmp,164
275_14.bmp,164
275_15.bmp,164
275_16.bmp,164
275_17.bmp,164
275_18.bmp,164
275_19.bmp,164
275_20.bmp,164
275_21.bmp,164
275_22.bmp,164
275_23.bmp,164
275_24.bmp,164
275_25.bmp,164
275_26.bmp,164
275_27.bmp,164
275_28.bmp,164
275_29.bmp,164
275_30.bmp,164
295_1.bmp,165
295_2.bmp,165
295_3.bmp,165
295_4.bmp,165
295_5.bmp,165
295_6.bmp,165
295_7.bmp,165
295_8.bmp,165
295_9.bmp,165
295_10.bmp,165
295_11.bmp,165
295_12.bmp,165
295_13.bmp,165
295_14.bmp,165
295_15.bmp,165
295_16.bmp,165
295_17.bmp,165
295_18.bmp,165
295_19.bmp,165
295_20.bmp,165
295_21.bmp,165
295_22.bmp,165
295_23.bmp,165
295_24.bmp,165
295_25.bmp,165
295_26.bmp,165
295_27.bmp,165
295_28.bmp,165
295_29.bmp,165
295_30.bmp,165
172_1.bmp,166
172_2.bmp,166
172_3.bmp,166
172_4.bmp,166
172_5.bmp,166
172_6.bmp,166
172_7.bmp,166
172_8.bmp,166
172_9.bmp,166
172_10.bmp,166
172_11.bmp,166
172_12.bmp,166
172_13.bmp,166
172_14.bmp,166
172_15.bmp,166
172_16.bmp,166
172_17.bmp,166
172_18.bmp,166
172_19.bmp,166
172_20.bmp,166
172_21.bmp,166
172_22.bmp,166
172_23.bmp,166
172_24.bmp,166
172_25.bmp,166
172_26.bmp,166
172_27.bmp,166
172_28.bmp,166
172_29.bmp,166
172_30.bmp,166
329_1.bmp,167
329_2.bmp,167
329_3.bmp,167
329_4.bmp,167
329_5.bmp,167
329_6.bmp,167
329_7.bmp,167
329_8.bmp,167
329_9.bmp,167
329_10.bmp,167
329_11.bmp,167
329_12.bmp,167
329_13.bmp,167
329_14.bmp,167
329_15.bmp,167
329_16.bmp,167
329_17.bmp,167
329_18.bmp,167
329_19.bmp,167
329_20.bmp,167
329_21.bmp,167
329_22.bmp,167
329_23.bmp,167
329_24.bmp,167
329_25.bmp,167
329_26.bmp,167
329_27.bmp,167
329_28.bmp,167
329_29.bmp,167
329_30.bmp,167
102_1.bmp,168
102_2.bmp,168
102_3.bmp,168
102_4.bmp,168
102_5.bmp,168
102_6.bmp,168
102_7.bmp,168
102_8.bmp,168
102_9.bmp,168
102_10.bmp,168
102_11.bmp,168
102_12.bmp,168
102_13.bmp,168
102_14.bmp,168
102_15.bmp,168
102_16.bmp,168
102_17.bmp,168
102_18.bmp,168
102_19.bmp,168
102_20.bmp,168
102_21.bmp,168
102_22.bmp,168
102_23.bmp,168
102_24.bmp,168
102_25.bmp,168
102_26.bmp,168
102_27.bmp,168
102_28.bmp,168
102_29.bmp,168
102_30.bmp,168
254_1.bmp,169
254_2.bmp,169
254_3.bmp,169
254_4.bmp,169
254_5.bmp,169
254_6.bmp,169
254_7.bmp,169
254_8.bmp,169
254_9.bmp,169
254_10.bmp,169
254_11.bmp,169
254_12.bmp,169
254_13.bmp,169
254_14.bmp,169
254_15.bmp,169
254_16.bmp,169
254_17.bmp,169
254_18.bmp,169
254_19.bmp,169
254_20.bmp,169
254_21.bmp,169
254_22.bmp,169
254_23.bmp,169
254_24.bmp,169
254_25.bmp,169
254_26.bmp,169
254_27.bmp,169
254_28.bmp,169
254_29.bmp,169
254_30.bmp,169
307_1.bmp,170
307_2.bmp,170
307_3.bmp,170
307_4.bmp,170
307_5.bmp,170
307_6.bmp,170
307_7.bmp,170
307_8.bmp,170
307_9.bmp,170
307_10.bmp,170
307_11.bmp,170
307_12.bmp,170
307_13.bmp,170
307_14.bmp,170
307_15.bmp,170
307_16.bmp,170
307_17.bmp,170
307_18.bmp,170
307_19.bmp,170
307_20.bmp,170
307_21.bmp,170
307_22.bmp,170
307_23.bmp,170
307_24.bmp,170
307_25.bmp,170
307_26.bmp,170
307_27.bmp,170
307_28.bmp,170
307_29.bmp,170
307_30.bmp,170
235_1.bmp,171
235_2.bmp,171
235_3.bmp,171
235_4.bmp,171
235_5.bmp,171
235_6.bmp,171
235_7.bmp,171
235_8.bmp,171
235_9.bmp,171
235_10.bmp,171
235_11.bmp,171
235_12.bmp,171
235_13.bmp,171
235_14.bmp,171
235_15.bmp,171
235_16.bmp,171
235_17.bmp,171
235_18.bmp,171
235_19.bmp,171
235_20.bmp,171
235_21.bmp,171
235_22.bmp,171
235_23.bmp,171
235_24.bmp,171
235_25.bmp,171
235_26.bmp,171
235_27.bmp,171
235_28.bmp,171
235_29.bmp,171
235_30.bmp,171
132_1.bmp,172
132_2.bmp,172
132_3.bmp,172
132_4.bmp,172
132_5.bmp,172
132_6.bmp,172
132_7.bmp,172
132_8.bmp,172
132_9.bmp,172
132_10.bmp,172
132_11.bmp,172
132_12.bmp,172
132_13.bmp,172
132_14.bmp,172
132_15.bmp,172
132_16.bmp,172
132_17.bmp,172
132_18.bmp,172
132_19.bmp,172
132_20.bmp,172
132_21.bmp,172
132_22.bmp,172
132_23.bmp,172
132_24.bmp,172
132_25.bmp,172
132_26.bmp,172
132_27.bmp,172
132_28.bmp,172
132_29.bmp,172
132_30.bmp,172
179_1.bmp,173
179_2.bmp,173
179_3.bmp,173
179_4.bmp,173
179_5.bmp,173
179_6.bmp,173
179_7.bmp,173
179_8.bmp,173
179_9.bmp,173
179_10.bmp,173
179_11.bmp,173
179_12.bmp,173
179_13.bmp,173
179_14.bmp,173
179_15.bmp,173
179_16.bmp,173
179_17.bmp,173
179_18.bmp,173
179_19.bmp,173
179_20.bmp,173
179_21.bmp,173
179_22.bmp,173
179_23.bmp,173
179_24.bmp,173
179_25.bmp,173
179_26.bmp,173
179_27.bmp,173
179_28.bmp,173
179_29.bmp,173
179_30.bmp,173
228_1.bmp,174
228_2.bmp,174
228_3.bmp,174
228_4.bmp,174
228_5.bmp,174
228_6.bmp,174
228_7.bmp,174
228_8.bmp,174
228_9.bmp,174
228_10.bmp,174
228_11.bmp,174
228_12.bmp,174
228_13.bmp,174
228_14.bmp,174
228_15.bmp,174
228_16.bmp,174
228_17.bmp,174
228_18.bmp,174
228_19.bmp,174
228_20.bmp,174
228_21.bmp,174
228_22.bmp,174
228_23.bmp,174
228_24.bmp,174
228_25.bmp,174
228_26.bmp,174
228_27.bmp,174
228_28.bmp,174
228_29.bmp,174
228_30.bmp,174
236_1.bmp,175
236_2.bmp,175
236_3.bmp,175
236_4.bmp,175
236_5.bmp,175
236_6.bmp,175
236_7.bmp,175
236_8.bmp,175
236_9.bmp,175
236_10.bmp,175
236_11.bmp,175
236_12.bmp,175
236_13.bmp,175
236_14.bmp,175
236_15.bmp,175
236_16.bmp,175
236_17.bmp,175
236_18.bmp,175
236_19.bmp,175
236_20.bmp,175
236_21.bmp,175
236_22.bmp,175
236_23.bmp,175
236_24.bmp,175
236_25.bmp,175
236_26.bmp,175
236_27.bmp,175
236_28.bmp,175
236_29.bmp,175
236_30.bmp,175
35_1.bmp,176
35_2.bmp,176
35_3.bmp,176
35_4.bmp,176
35_5.bmp,176
35_6.bmp,176
35_7.bmp,176
35_8.bmp,176
35_9.bmp,176
35_10.bmp,176
35_11.bmp,176
35_12.bmp,176
35_13.bmp,176
35_14.bmp,176
35_15.bmp,176
35_16.bmp,176
35_17.bmp,176
35_18.bmp,176
35_19.bmp,176
35_20.bmp,176
35_21.bmp,176
35_22.bmp,176
35_23.bmp,176
35_24.bmp,176
35_25.bmp,176
35_26.bmp,176
35_27.bmp,176
35_28.bmp,176
35_29.bmp,176
35_30.bmp,176
150_1.bmp,177
150_2.bmp,177
150_3.bmp,177
150_4.bmp,177
150_5.bmp,177
150_6.bmp,177
150_7.bmp,177
150_8.bmp,177
150_9.bmp,177
150_10.bmp,177
150_11.bmp,177
150_12.bmp,177
150_13.bmp,177
150_14.bmp,177
150_15.bmp,177
150_16.bmp,177
150_17.bmp,177
150_18.bmp,177
150_19.bmp,177
150_20.bmp,177
150_21.bmp,177
150_22.bmp,177
150_23.bmp,177
150_24.bmp,177
150_25.bmp,177
150_26.bmp,177
150_27.bmp,177
150_28.bmp,177
150_29.bmp,177
150_30.bmp,177
15_1.bmp,178
15_2.bmp,178
15_3.bmp,178
15_4.bmp,178
15_5.bmp,178
15_6.bmp,178
15_7.bmp,178
15_8.bmp,178
15_9.bmp,178
15_10.bmp,178
15_11.bmp,178
15_12.bmp,178
15_13.bmp,178
15_14.bmp,178
15_15.bmp,178
15_16.bmp,178
15_17.bmp,178
15_18.bmp,178
15_19.bmp,178
15_20.bmp,178
15_21.bmp,178
15_22.bmp,178
15_23.bmp,178
15_24.bmp,178
15_25.bmp,178
15_26.bmp,178
15_27.bmp,178
15_28.bmp,178
15_29.bmp,178
15_30.bmp,178
187_1.bmp,179
187_2.bmp,179
187_3.bmp,179
187_4.bmp,179
187_5.bmp,179
187_6.bmp,179
187_7.bmp,179
187_8.bmp,179
187_9.bmp,179
187_10.bmp,179
187_11.bmp,179
187_12.bmp,179
187_13.bmp,179
187_14.bmp,179
187_15.bmp,179
187_16.bmp,179
187_17.bmp,179
187_18.bmp,179
187_19.bmp,179
187_20.bmp,179
187_21.bmp,179
187_22.bmp,179
187_23.bmp,179
187_24.bmp,179
187_25.bmp,179
187_26.bmp,179
187_27.bmp,179
187_28.bmp,179
187_29.bmp,179
187_30.bmp,179
287_1.bmp,180
287_2.bmp,180
287_3.bmp,180
287_4.bmp,180
287_5.bmp,180
287_6.bmp,180
287_7.bmp,180
287_8.bmp,180
287_9.bmp,180
287_10.bmp,180
287_11.bmp,180
287_12.bmp,180
287_13.bmp,180
287_14.bmp,180
287_15.bmp,180
287_16.bmp,180
287_17.bmp,180
287_18.bmp,180
287_19.bmp,180
287_20.bmp,180
287_21.bmp,180
287_22.bmp,180
287_23.bmp,180
287_24.bmp,180
287_25.bmp,180
287_26.bmp,180
287_27.bmp,180
287_28.bmp,180
287_29.bmp,180
287_30.bmp,180
286_1.bmp,181
286_2.bmp,181
286_3.bmp,181
286_4.bmp,181
286_5.bmp,181
286_6.bmp,181
286_7.bmp,181
286_8.bmp,181
286_9.bmp,181
286_10.bmp,181
286_11.bmp,181
286_12.bmp,181
286_13.bmp,181
286_14.bmp,181
286_15.bmp,181
286_16.bmp,181
286_17.bmp,181
286_18.bmp,181
286_19.bmp,181
286_20.bmp,181
286_21.bmp,181
286_22.bmp,181
286_23.bmp,181
286_24.bmp,181
286_25.bmp,181
286_26.bmp,181
286_27.bmp,181
286_28.bmp,181
286_29.bmp,181
286_30.bmp,181
278_1.bmp,182
278_2.bmp,182
278_3.bmp,182
278_4.bmp,182
278_5.bmp,182
278_6.bmp,182
278_7.bmp,182
278_8.bmp,182
278_9.bmp,182
278_10.bmp,182
278_11.bmp,182
278_12.bmp,182
278_13.bmp,182
278_14.bmp,182
278_15.bmp,182
278_16.bmp,182
278_17.bmp,182
278_18.bmp,182
278_19.bmp,182
278_20.bmp,182
278_21.bmp,182
278_22.bmp,182
278_23.bmp,182
278_24.bmp,182
278_25.bmp,182
278_26.bmp,182
278_27.bmp,182
278_28.bmp,182
278_29.bmp,182
278_30.bmp,182
19_1.bmp,183
19_2.bmp,183
19_3.bmp,183
19_4.bmp,183
19_5.bmp,183
19_6.bmp,183
19_7.bmp,183
19_8.bmp,183
19_9.bmp,183
19_10.bmp,183
19_11.bmp,183
19_12.bmp,183
19_13.bmp,183
19_14.bmp,183
19_15.bmp,183
19_16.bmp,183
19_17.bmp,183
19_18.bmp,183
19_19.bmp,183
19_20.bmp,183
19_21.bmp,183
19_22.bmp,183
19_23.bmp,183
19_24.bmp,183
19_25.bmp,183
19_26.bmp,183
19_27.bmp,183
19_28.bmp,183
19_29.bmp,183
19_30.bmp,183
72_1.bmp,184
72_2.bmp,184
72_3.bmp,184
72_4.bmp,184
72_5.bmp,184
72_6.bmp,184
72_7.bmp,184
72_8.bmp,184
72_9.bmp,184
72_10.bmp,184
72_11.bmp,184
72_12.bmp,184
72_13.bmp,184
72_14.bmp,184
72_15.bmp,184
72_16.bmp,184
72_17.bmp,184
72_18.bmp,184
72_19.bmp,184
72_20.bmp,184
72_21.bmp,184
72_22.bmp,184
72_23.bmp,184
72_24.bmp,184
72_25.bmp,184
72_26.bmp,184
72_27.bmp,184
72_28.bmp,184
72_29.bmp,184
72_30.bmp,184
336_1.bmp,185
336_2.bmp,185
336_3.bmp,185
336_4.bmp,185
336_5.bmp,185
336_6.bmp,185
336_7.bmp,185
336_8.bmp,185
336_9.bmp,185
336_10.bmp,185
336_11.bmp,185
336_12.bmp,185
336_13.bmp,185
336_14.bmp,185
336_15.bmp,185
336_16.bmp,185
336_17.bmp,185
336_18.bmp,185
336_19.bmp,185
336_20.bmp,185
336_21.bmp,185
336_22.bmp,185
336_23.bmp,185
336_24.bmp,185
336_25.bmp,185
336_26.bmp,185
336_27.bmp,185
336_28.bmp,185
336_29.bmp,185
336_30.bmp,185
237_1.bmp,186
237_2.bmp,186
237_3.bmp,186
237_4.bmp,186
237_5.bmp,186
237_6.bmp,186
237_7.bmp,186
237_8.bmp,186
237_9.bmp,186
237_10.bmp,186
237_11.bmp,186
237_12.bmp,186
237_13.bmp,186
237_14.bmp,186
237_15.bmp,186
237_16.bmp,186
237_17.bmp,186
237_18.bmp,186
237_19.bmp,186
237_20.bmp,186
237_21.bmp,186
237_22.bmp,186
237_23.bmp,186
237_24.bmp,186
237_25.bmp,186
237_26.bmp,186
237_27.bmp,186
237_28.bmp,186
237_29.bmp,186
237_30.bmp,186
116_1.bmp,187
116_2.bmp,187
116_3.bmp,187
116_4.bmp,187
116_5.bmp,187
116_6.bmp,187
116_7.bmp,187
116_8.bmp,187
116_9.bmp,187
116_10.bmp,187
116_11.bmp,187
116_12.bmp,187
116_13.bmp,187
116_14.bmp,187
116_15.bmp,187
116_16.bmp,187
116_17.bmp,187
116_18.bmp,187
116_19.bmp,187
116_20.bmp,187
116_21.bmp,187
116_22.bmp,187
116_23.bmp,187
116_24.bmp,187
116_25.bmp,187
116_26.bmp,187
116_27.bmp,187
116_28.bmp,187
116_29.bmp,187
116_30.bmp,187
338_1.bmp,188
338_2.bmp,188
338_3.bmp,188
338_4.bmp,188
338_5.bmp,188
338_6.bmp,188
338_7.bmp,188
338_8.bmp,188
338_9.bmp,188
338_10.bmp,188
338_11.bmp,188
338_12.bmp,188
338_13.bmp,188
338_14.bmp,188
338_15.bmp,188
338_16.bmp,188
338_17.bmp,188
338_18.bmp,188
338_19.bmp,188
338_20.bmp,188
338_21.bmp,188
338_22.bmp,188
338_23.bmp,188
338_24.bmp,188
338_25.bmp,188
338_26.bmp,188
338_27.bmp,188
338_28.bmp,188
338_29.bmp,188
338_30.bmp,188
48_1.bmp,189
48_2.bmp,189
48_3.bmp,189
48_4.bmp,189
48_5.bmp,189
48_6.bmp,189
48_7.bmp,189
48_8.bmp,189
48_9.bmp,189
48_10.bmp,189
48_11.bmp,189
48_12.bmp,189
48_13.bmp,189
48_14.bmp,189
48_15.bmp,189
48_16.bmp,189
48_17.bmp,189
48_18.bmp,189
48_19.bmp,189
48_20.bmp,189
48_21.bmp,189
48_22.bmp,189
48_23.bmp,189
48_24.bmp,189
48_25.bmp,189
48_26.bmp,189
48_27.bmp,189
48_28.bmp,189
48_29.bmp,189
48_30.bmp,189
31_1.bmp,190
31_2.bmp,190
31_3.bmp,190
31_4.bmp,190
31_5.bmp,190
31_6.bmp,190
31_7.bmp,190
31_8.bmp,190
31_9.bmp,190
31_10.bmp,190
31_11.bmp,190
31_12.bmp,190
31_13.bmp,190
31_14.bmp,190
31_15.bmp,190
31_16.bmp,190
31_17.bmp,190
31_18.bmp,190
31_19.bmp,190
31_20.bmp,190
31_21.bmp,190
31_22.bmp,190
31_23.bmp,190
31_24.bmp,190
31_25.bmp,190
31_26.bmp,190
31_27.bmp,190
31_28.bmp,190
31_29.bmp,190
31_30.bmp,190
296_1.bmp,191
296_2.bmp,191
296_3.bmp,191
296_4.bmp,191
296_5.bmp,191
296_6.bmp,191
296_7.bmp,191
296_8.bmp,191
296_9.bmp,191
296_10.bmp,191
296_11.bmp,191
296_12.bmp,191
296_13.bmp,191
296_14.bmp,191
296_15.bmp,191
296_16.bmp,191
296_17.bmp,191
296_18.bmp,191
296_19.bmp,191
296_20.bmp,191
296_21.bmp,191
296_22.bmp,191
296_23.bmp,191
296_24.bmp,191
296_25.bmp,191
296_26.bmp,191
296_27.bmp,191
296_28.bmp,191
296_29.bmp,191
296_30.bmp,191
204_1.bmp,192
204_2.bmp,192
204_3.bmp,192
204_4.bmp,192
204_5.bmp,192
204_6.bmp,192
204_7.bmp,192
204_8.bmp,192
204_9.bmp,192
204_10.bmp,192
204_11.bmp,192
204_12.bmp,192
204_13.bmp,192
204_14.bmp,192
204_15.bmp,192
204_16.bmp,192
204_17.bmp,192
204_18.bmp,192
204_19.bmp,192
204_20.bmp,192
204_21.bmp,192
204_22.bmp,192
204_23.bmp,192
204_24.bmp,192
204_25.bmp,192
204_26.bmp,192
204_27.bmp,192
204_28.bmp,192
204_29.bmp,192
204_30.bmp,192
242_1.bmp,193
242_2.bmp,193
242_3.bmp,193
242_4.bmp,193
242_5.bmp,193
242_6.bmp,193
242_7.bmp,193
242_8.bmp,193
242_9.bmp,193
242_10.bmp,193
242_11.bmp,193
242_12.bmp,193
242_13.bmp,193
242_14.bmp,193
242_15.bmp,193
242_16.bmp,193
242_17.bmp,193
242_18.bmp,193
242_19.bmp,193
242_20.bmp,193
242_21.bmp,193
242_22.bmp,193
242_23.bmp,193
242_24.bmp,193
242_25.bmp,193
242_26.bmp,193
242_27.bmp,193
242_28.bmp,193
242_29.bmp,193
242_30.bmp,193
220_1.bmp,194
220_2.bmp,194
220_3.bmp,194
220_4.bmp,194
220_5.bmp,194
220_6.bmp,194
220_7.bmp,194
220_8.bmp,194
220_9.bmp,194
220_10.bmp,194
220_11.bmp,194
220_12.bmp,194
220_13.bmp,194
220_14.bmp,194
220_15.bmp,194
220_16.bmp,194
220_17.bmp,194
220_18.bmp,194
220_19.bmp,194
220_20.bmp,194
220_21.bmp,194
220_22.bmp,194
220_23.bmp,194
220_24.bmp,194
220_25.bmp,194
220_26.bmp,194
220_27.bmp,194
220_28.bmp,194
220_29.bmp,194
220_30.bmp,194
300_1.bmp,195
300_2.bmp,195
300_3.bmp,195
300_4.bmp,195
300_5.bmp,195
300_6.bmp,195
300_7.bmp,195
300_8.bmp,195
300_9.bmp,195
300_10.bmp,195
300_11.bmp,195
300_12.bmp,195
300_13.bmp,195
300_14.bmp,195
300_15.bmp,195
300_16.bmp,195
300_17.bmp,195
300_18.bmp,195
300_19.bmp,195
300_20.bmp,195
300_21.bmp,195
300_22.bmp,195
300_23.bmp,195
300_24.bmp,195
300_25.bmp,195
300_26.bmp,195
300_27.bmp,195
300_28.bmp,195
300_29.bmp,195
300_30.bmp,195
92_1.bmp,196
92_2.bmp,196
92_3.bmp,196
92_4.bmp,196
92_5.bmp,196
92_6.bmp,196
92_7.bmp,196
92_8.bmp,196
92_9.bmp,196
92_10.bmp,196
92_11.bmp,196
92_12.bmp,196
92_13.bmp,196
92_14.bmp,196
92_15.bmp,196
92_16.bmp,196
92_17.bmp,196
92_18.bmp,196
92_19.bmp,196
92_20.bmp,196
92_21.bmp,196
92_22.bmp,196
92_23.bmp,196
92_24.bmp,196
92_25.bmp,196
92_26.bmp,196
92_27.bmp,196
92_28.bmp,196
92_29.bmp,196
92_30.bmp,196
133_1.bmp,197
133_2.bmp,197
133_3.bmp,197
133_4.bmp,197
133_5.bmp,197
133_6.bmp,197
133_7.bmp,197
133_8.bmp,197
133_9.bmp,197
133_10.bmp,197
133_11.bmp,197
133_12.bmp,197
133_13.bmp,197
133_14.bmp,197
133_15.bmp,197
133_16.bmp,197
133_17.bmp,197
133_18.bmp,197
133_19.bmp,197
133_20.bmp,197
133_21.bmp,197
133_22.bmp,197
133_23.bmp,197
133_24.bmp,197
133_25.bmp,197
133_26.bmp,197
133_27.bmp,197
133_28.bmp,197
133_29.bmp,197
133_30.bmp,197
128_1.bmp,198
128_2.bmp,198
128_3.bmp,198
128_4.bmp,198
128_5.bmp,198
128_6.bmp,198
128_7.bmp,198
128_8.bmp,198
128_9.bmp,198
128_10.bmp,198
128_11.bmp,198
128_12.bmp,198
128_13.bmp,198
128_14.bmp,198
128_15.bmp,198
128_16.bmp,198
128_17.bmp,198
128_18.bmp,198
128_19.bmp,198
128_20.bmp,198
128_21.bmp,198
128_22.bmp,198
128_23.bmp,198
128_24.bmp,198
128_25.bmp,198
128_26.bmp,198
128_27.bmp,198
128_28.bmp,198
128_29.bmp,198
128_30.bmp,198
110_1.bmp,199
110_2.bmp,199
110_3.bmp,199
110_4.bmp,199
110_5.bmp,199
110_6.bmp,199
110_7.bmp,199
110_8.bmp,199
110_9.bmp,199
110_10.bmp,199
110_11.bmp,199
110_12.bmp,199
110_13.bmp,199
110_14.bmp,199
110_15.bmp,199
110_16.bmp,199
110_17.bmp,199
110_18.bmp,199
110_19.bmp,199
110_20.bmp,199
110_21.bmp,199
110_22.bmp,199
110_23.bmp,199
110_24.bmp,199
110_25.bmp,199
110_26.bmp,199
110_27.bmp,199
110_28.bmp,199
110_29.bmp,199
110_30.bmp,199
152_1.bmp,200
152_2.bmp,200
152_3.bmp,200
152_4.bmp,200
152_5.bmp,200
152_6.bmp,200
152_7.bmp,200
152_8.bmp,200
152_9.bmp,200
152_10.bmp,200
152_11.bmp,200
152_12.bmp,200
152_13.bmp,200
152_14.bmp,200
152_15.bmp,200
152_16.bmp,200
152_17.bmp,200
152_18.bmp,200
152_19.bmp,200
152_20.bmp,200
152_21.bmp,200
152_22.bmp,200
152_23.bmp,200
152_24.bmp,200
152_25.bmp,200
152_26.bmp,200
152_27.bmp,200
152_28.bmp,200
152_29.bmp,200
152_30.bmp,200
143_1.bmp,201
143_2.bmp,201
143_3.bmp,201
143_4.bmp,201
143_5.bmp,201
143_6.bmp,201
143_7.bmp,201
143_8.bmp,201
143_9.bmp,201
143_10.bmp,201
143_11.bmp,201
143_12.bmp,201
143_13.bmp,201
143_14.bmp,201
143_15.bmp,201
143_16.bmp,201
143_17.bmp,201
143_18.bmp,201
143_19.bmp,201
143_20.bmp,201
143_21.bmp,201
143_22.bmp,201
143_23.bmp,201
143_24.bmp,201
143_25.bmp,201
143_26.bmp,201
143_27.bmp,201
143_28.bmp,201
143_29.bmp,201
143_30.bmp,201
238_1.bmp,202
238_2.bmp,202
238_3.bmp,202
238_4.bmp,202
238_5.bmp,202
238_6.bmp,202
238_7.bmp,202
238_8.bmp,202
238_9.bmp,202
238_10.bmp,202
238_11.bmp,202
238_12.bmp,202
238_13.bmp,202
238_14.bmp,202
238_15.bmp,202
238_16.bmp,202
238_17.bmp,202
238_18.bmp,202
238_19.bmp,202
238_20.bmp,202
238_21.bmp,202
238_22.bmp,202
238_23.bmp,202
238_24.bmp,202
238_25.bmp,202
238_26.bmp,202
238_27.bmp,202
238_28.bmp,202
238_29.bmp,202
238_30.bmp,202
65_1.bmp,203
65_2.bmp,203
65_3.bmp,203
65_4.bmp,203
65_5.bmp,203
65_6.bmp,203
65_7.bmp,203
65_8.bmp,203
65_9.bmp,203
65_10.bmp,203
65_11.bmp,203
65_12.bmp,203
65_13.bmp,203
65_14.bmp,203
65_15.bmp,203
65_16.bmp,203
65_17.bmp,203
65_18.bmp,203
65_19.bmp,203
65_20.bmp,203
65_21.bmp,203
65_22.bmp,203
65_23.bmp,203
65_24.bmp,203
65_25.bmp,203
65_26.bmp,203
65_27.bmp,203
65_28.bmp,203
65_29.bmp,203
65_30.bmp,203
